,Time,"TÂ° triggered:563,592",K2,K3,K4,L2,L3,L4,M2,M3,M4
0,0:00:00,25,208,5339,2198,230,5382,1538,209,5169,2232
1,0:00:30,25,201,5437,2345,228,5593,1596,238,5280,2303
2,0:01:00,25,234,5418,2367,229,5442,1707,251,5462,2336
3,0:01:30,25,233,5514,2481,217,5616,1756,240,5413,2369
4,0:02:00,25,220,5498,2461,212,5488,1858,240,5263,2453
5,0:02:30,25,235,5553,2542,226,5594,1907,228,5381,2511
6,0:03:00,25,204,5531,2569,248,5617,1990,255,5363,2566
7,0:03:30,25,223,5494,2583,223,5440,2001,222,5465,2566
8,0:04:00,25,224,5521,2639,245,5558,2052,228,5371,2689
9,0:04:30,25,227,5487,2720,236,5664,2153,232,5287,2675
10,0:05:00,25,238,5526,2787,239,5571,2181,249,5366,2692
11,0:05:30,25,237,5497,2735,227,5520,2186,229,5433,2805
12,0:06:00,25,244,5516,2808,214,5557,2244,240,5470,2732
13,0:06:30,25,198,5646,2830,226,5513,2358,224,5377,2830
14,0:07:00,25,217,5582,2864,226,5551,2386,233,5420,2826
15,0:07:30,25,224,5591,2864,230,5555,2372,232,5358,2936
16,0:08:00,25,214,5559,2866,238,5737,2375,202,5379,2818
17,0:08:30,25,237,5417,3013,245,5707,2430,235,5480,2946
18,0:09:00,25,229,5627,2953,217,5671,2454,221,5463,2936
19,0:09:30,25,227,5564,2957,240,5581,2445,230,5419,2925
20,0:10:00,25,216,5630,3050,205,5654,2625,223,5423,2986
21,0:10:30,25,249,5559,2972,255,5623,2536,242,5434,2963
22,0:11:00,25,230,5662,3049,226,5655,2613,233,5534,3056
23,0:11:30,25,199,5723,3055,240,5738,2631,240,5401,3006
24,0:12:00,25,221,5582,3122,235,5427,2598,232,5455,3042
25,0:12:30,25,241,5632,3101,242,5654,2633,231,5582,3094
26,0:13:00,25,245,5594,3148,235,5594,2759,228,5381,3159
27,0:13:30,25,239,5582,3166,238,5615,2775,236,5451,3088
28,0:14:00,25,216,5644,3228,224,5717,2780,232,5468,3229
29,0:14:30,25,235,5627,3214,247,5662,2789,260,5442,3148
30,0:15:00,25,250,5613,3201,227,5639,2802,239,5456,3164
31,0:15:30,25,229,5600,3269,225,5682,2735,232,5522,3202
32,0:16:00,25,234,5620,3367,240,5677,2824,228,5524,3149
33,0:16:30,25,234,5628,3208,252,5766,2763,234,5401,3251
34,0:17:00,25,231,5644,3351,247,5705,2860,249,5413,3188
35,0:17:30,25,245,5655,3303,258,5546,2917,231,5406,3150
36,0:18:00,25,218,5690,3319,226,5720,2865,239,5584,3281
37,0:18:30,25,224,5636,3343,222,5664,2946,241,5546,3243
38,0:19:00,25,232,5629,3401,241,5632,2938,233,5486,3346
39,0:19:30,25,233,5618,3340,259,5693,2945,232,5541,3282
40,0:20:00,25,228,5663,3349,235,5675,2976,229,5478,3271
41,0:20:30,25,240,5729,3344,241,5575,2983,250,5468,3293
42,0:21:00,25,226,5557,3374,240,5596,2991,248,5423,3408
43,0:21:30,25,230,5808,3367,225,5829,2989,240,5431,3414
44,0:22:00,25,222,5665,3424,249,5699,3112,234,5501,3347
45,0:22:30,25,234,5699,3466,239,5676,3018,235,5560,3405
46,0:23:00,25,244,5631,3405,247,5681,3039,235,5567,3464
47,0:23:30,25,242,5723,3480,242,5666,3044,230,5511,3423
48,0:24:00,25,240,5700,3561,221,5626,3214,257,5424,3329
49,0:24:30,25,219,5644,3418,247,5743,3146,237,5562,3406
50,0:25:00,25,247,5680,3395,247,5713,3175,266,5513,3410
51,0:25:30,25,240,5693,3522,245,5709,3083,251,5493,3497
52,0:26:00,25.1,237,5709,3558,237,5667,3096,240,5620,3499
53,0:26:30,25.1,210,5665,3492,243,5771,3159,250,5416,3473
54,0:27:00,25.1,231,5758,3550,255,5693,3122,243,5490,3485
55,0:27:30,25.1,249,5666,3541,239,5604,3088,230,5485,3444
56,0:28:00,25,257,5737,3548,238,5753,3212,244,5570,3414
57,0:28:30,25.1,226,5655,3567,231,5762,3267,239,5523,3374
58,0:29:00,25.1,240,5711,3581,240,5689,3279,223,5540,3513
59,0:29:30,25.1,235,5695,3484,237,5588,3201,249,5567,3449
60,0:30:00,25,222,5695,3615,273,5749,3112,246,5455,3535
61,0:30:30,25.1,224,5797,3524,238,5633,3201,238,5628,3505
62,0:31:00,25.1,245,5566,3485,252,5592,3236,246,5591,3534
63,0:31:30,25.1,231,5674,3592,251,5647,3316,263,5491,3486
64,0:32:00,25.1,220,5744,3550,230,5716,3267,226,5506,3519
65,0:32:30,25.1,246,5641,3621,227,5690,3224,251,5598,3491
66,0:33:00,25,222,5739,3594,242,5754,3268,237,5506,3583
67,0:33:30,25.1,243,5655,3694,222,5689,3287,237,5402,3501
68,0:34:00,25.1,218,5671,3620,227,5600,3313,226,5431,3614
69,0:34:30,25,225,5640,3660,255,5664,3313,243,5545,3580
70,0:35:00,25.1,232,5754,3689,240,5594,3358,229,5466,3618
71,0:35:30,25.1,236,5753,3642,220,5742,3232,240,5585,3738
72,0:36:00,25.1,233,5599,3680,217,5681,3299,238,5557,3587
73,0:36:30,25.1,233,5663,3725,234,5678,3335,231,5516,3596
74,0:37:00,25.1,226,5692,3851,215,5807,3373,240,5575,3634
75,0:37:30,25.1,240,5700,3646,244,5785,3358,253,5349,3606
76,0:38:00,25.1,250,5724,3698,238,5797,3395,255,5506,3559
77,0:38:30,25.1,244,5615,3770,261,5783,3371,239,5473,3649
78,0:39:00,25.1,232,5664,3752,212,5806,3415,238,5580,3708
79,0:39:30,25.1,251,5692,3770,212,5806,3302,232,5503,3662
80,0:40:00,25.1,258,5721,3805,237,5733,3383,235,5466,3612
81,0:40:30,25.1,217,5712,3743,236,5731,3426,231,5527,3676
82,0:41:00,25.1,249,5649,3743,239,5659,3402,217,5655,3774
83,0:41:30,25.1,244,5674,3756,237,5671,3480,261,5534,3712
84,0:42:00,25.1,221,5612,3792,226,5838,3482,255,5504,3657
85,0:42:30,25.1,237,5675,3764,233,5866,3461,245,5596,3695
86,0:43:00,25.1,237,5688,3764,233,5864,3404,233,5493,3677
87,0:43:30,25.1,219,5703,3758,231,5706,3373,216,5495,3671
88,0:44:00,25.1,231,5598,3873,238,5722,3450,240,5482,3583
89,0:44:30,25.1,204,5588,3829,232,5565,3474,231,5508,3626
90,0:45:00,25.1,222,5848,3761,240,5681,3497,258,5537,3750
91,0:45:30,25.1,242,5709,3802,245,5846,3489,231,5532,3730
92,0:46:00,25.1,197,5674,3793,231,5726,3474,246,5562,3715
93,0:46:30,25.1,223,5655,3936,236,5667,3536,251,5606,3676
94,0:47:00,25.1,235,5793,3881,233,5717,3567,238,5498,3710
95,0:47:30,25.1,241,5618,3845,232,5724,3460,239,5586,3698
96,0:48:00,25.1,230,5684,3906,242,5813,3489,235,5560,3684
97,0:48:30,25.1,224,5779,3846,247,5784,3532,243,5578,3658
98,0:49:00,25.1,233,5586,3892,254,5696,3472,237,5470,3745
99,0:49:30,25.1,219,5712,3801,234,5665,3499,245,5540,3741
100,0:50:00,25.1,252,5668,3926,236,5748,3524,245,5554,3756
101,0:50:30,25.1,219,5805,3797,228,5732,3482,241,5501,3757
102,0:51:00,25.1,236,5731,3787,234,5611,3606,245,5519,3681
103,0:51:30,25.1,259,5631,3957,214,5743,3515,224,5585,3696
104,0:52:00,25.1,238,5624,3790,237,5641,3594,239,5543,3762
105,0:52:30,25.1,214,5771,3881,249,5723,3490,234,5604,3743
106,0:53:00,25.1,251,5548,3818,248,5719,3554,225,5463,3785
107,0:53:30,25.1,222,5828,3821,247,5725,3570,258,5591,3688
108,0:54:00,25.1,252,5726,3927,232,5822,3566,235,5609,3774
109,0:54:30,25.2,244,5619,3897,240,5660,3532,247,5531,3791
110,0:55:00,25.2,254,5726,3923,221,5698,3659,234,5460,3746
111,0:55:30,25.1,245,5674,3801,237,5723,3608,214,5562,3684
112,0:56:00,25.1,221,5733,3842,243,5749,3574,259,5520,3784
113,0:56:30,25.1,227,5694,3931,252,5847,3600,230,5467,3740
114,0:57:00,25.1,233,5724,3901,230,5669,3567,267,5537,3834
115,0:57:30,25.1,239,5663,3919,241,5713,3548,233,5525,3743
116,0:58:00,25.1,213,5897,3912,241,5688,3589,232,5609,3770
117,0:58:30,25.1,238,5672,3945,219,5706,3658,215,5592,3858
118,0:59:00,25.1,206,5718,4022,229,5686,3551,233,5426,3736
119,0:59:30,25.1,259,5667,3906,236,5694,3659,237,5530,3790
120,1:00:00,25.1,228,5699,3975,233,5648,3619,239,5601,3758
121,1:00:30,25.1,247,5746,4003,244,5673,3571,247,5486,3747
122,1:01:00,25.1,222,5701,3926,235,5628,3618,220,5575,3771
123,1:01:30,25.1,212,5537,3977,226,5703,3601,263,5619,3836
124,1:02:00,25.1,224,5692,3923,213,5727,3763,223,5497,3721
125,1:02:30,25.1,236,5699,3926,219,5726,3622,228,5586,3931
126,1:03:00,25.1,228,5702,4014,229,5700,3628,224,5588,3811
127,1:03:30,25.1,234,5721,3930,234,5764,3689,229,5580,3759
128,1:04:00,25.1,227,5693,3951,243,5789,3664,253,5511,3912
129,1:04:30,25.1,219,5865,3922,215,5738,3633,241,5622,3861
130,1:05:00,25.1,254,5745,4028,253,5789,3654,233,5525,3829
131,1:05:30,25.1,222,5676,3941,251,5746,3735,229,5543,3851
132,1:06:00,25.1,232,5609,3950,221,5735,3652,228,5478,3830
133,1:06:30,25.1,248,5624,3911,226,5758,3703,239,5489,3959
134,1:07:00,25.1,231,5714,3991,242,5810,3664,235,5509,3832
135,1:07:30,25.1,232,5649,3991,215,5710,3661,234,5566,3756
136,1:08:00,25.1,216,5625,3947,232,5638,3736,255,5557,3830
137,1:08:30,25.1,224,5657,3951,273,5739,3582,238,5569,3901
138,1:09:00,25.1,224,5805,4069,256,5688,3666,240,5511,3896
139,1:09:30,25.1,256,5696,3957,233,5779,3583,232,5635,3940
140,1:10:00,25.1,232,5800,4068,232,5665,3697,241,5478,3855
141,1:10:30,25.1,233,5704,4059,226,5744,3684,237,5720,3828
142,1:11:00,25.1,234,5669,3983,245,5658,3792,249,5612,3805
143,1:11:30,25.1,237,5628,3996,237,5737,3692,234,5491,3799
144,1:12:00,25.1,236,5709,4049,259,5713,3723,249,5620,3956
145,1:12:30,25.1,223,5723,4054,228,5643,3672,245,5634,3934
146,1:13:00,25.1,222,5671,4032,227,5772,3711,272,5493,3878
147,1:13:30,25.1,223,5649,3999,229,5681,3680,246,5471,3807
148,1:14:00,25.1,233,5676,3885,223,5714,3782,237,5577,3836
149,1:14:30,25.1,216,5607,4084,245,5877,3761,237,5435,3950
150,1:15:00,25.1,223,5685,3990,238,5727,3832,259,5513,3926
151,1:15:30,25.1,208,5699,4081,239,5729,3715,259,5607,3935
152,1:16:00,25.1,221,5668,4044,236,5763,3684,237,5528,3886
153,1:16:30,25.2,232,5716,4076,237,5620,3697,224,5572,3976
154,1:17:00,25.1,240,5579,4010,242,5791,3749,231,5543,3958
155,1:17:30,25.1,219,5769,4018,232,5859,3766,257,5587,3872
156,1:18:00,25.1,225,5653,4072,231,5825,3708,237,5519,3852
157,1:18:30,25.1,225,5797,4013,229,5765,3699,230,5532,3998
158,1:19:00,25.1,226,5626,4072,217,5827,3882,236,5613,4065
159,1:19:30,25.1,243,5747,4063,243,5627,3654,224,5551,3946
160,1:20:00,25.1,223,5767,4142,222,5588,3840,251,5571,4024
161,1:20:30,25.1,217,5675,4105,235,5752,3736,239,5612,3917
162,1:21:00,25.1,230,5748,4025,268,5815,3734,218,5670,4058
163,1:21:30,25.1,221,5745,4039,230,5777,3885,264,5588,3902
164,1:22:00,25.1,228,5587,4100,249,5766,3891,238,5521,3968
165,1:22:30,25.1,217,5703,4069,232,5750,3818,233,5672,3920
166,1:23:00,25.1,233,5698,4052,236,5753,3869,232,5650,4025
167,1:23:30,25.1,223,5693,4114,267,5852,3771,222,5514,3964
168,1:24:00,25.1,209,5679,3956,237,5628,3783,244,5596,4041
169,1:24:30,25.1,249,5693,4094,237,5857,3782,253,5491,3976
170,1:25:00,25.1,240,5659,4012,221,5740,3840,241,5470,3860
171,1:25:30,25.1,222,5694,4050,234,5772,3817,228,5640,3991
172,1:26:00,25.1,243,5773,4155,241,5794,3817,239,5575,4067
173,1:26:30,25.1,216,5687,4028,263,5849,3805,239,5594,3927
174,1:27:00,25.1,231,5748,4176,234,5642,3837,260,5611,3952
175,1:27:30,25.1,236,5714,4077,236,5786,3883,231,5647,4016
176,1:28:00,25.1,248,5665,4144,243,5693,3833,272,5517,4029
177,1:28:30,25.1,234,5800,4082,213,5669,3824,221,5538,4016
178,1:29:00,25.1,224,5828,4144,246,5836,3830,218,5627,4028
179,1:29:30,25.1,234,5814,4126,248,5860,3875,244,5666,3861
180,1:30:00,25.1,227,5757,4190,252,5753,3833,236,5631,3981
181,1:30:30,25.1,218,5737,4124,245,5792,3865,235,5480,4000
182,1:31:00,25.1,238,5802,4090,251,5663,3949,250,5510,4016
183,1:31:30,25.1,237,5836,4079,240,5634,3797,246,5476,4024
184,1:32:00,25.1,232,5727,4131,227,5803,3852,231,5598,4057
185,1:32:30,25.1,214,5574,4111,232,5681,3869,243,5454,4052
186,1:33:00,25.1,226,5697,4142,228,5762,3905,237,5546,4034
187,1:33:30,25.1,246,5813,4190,246,5639,3927,247,5486,4085
188,1:34:00,25.1,224,5667,4078,224,5751,3830,259,5571,4022
189,1:34:30,25.1,243,5848,4039,206,5742,3808,235,5650,4077
190,1:35:00,25.1,239,5705,4132,258,5805,3882,214,5545,4084
191,1:35:30,25.1,227,5836,4153,218,5776,3897,221,5592,3937
192,1:36:00,25.1,254,5774,4148,242,5767,3879,235,5653,4007
193,1:36:30,25.1,241,5816,4120,240,5706,3864,216,5704,4057
194,1:37:00,25.1,235,5725,3992,256,5839,3933,243,5554,4095
195,1:37:30,25.1,244,5791,4175,231,5871,3937,224,5704,4047
196,1:38:00,25.1,230,5678,4183,235,5878,3819,222,5457,3986
197,1:38:30,25.1,245,5729,4182,233,5726,3844,234,5597,4027
198,1:39:00,25.1,217,5820,4146,230,5743,3938,248,5671,4006
199,1:39:30,25.1,227,5748,4155,204,5744,3865,249,5459,3962
200,1:40:00,25.1,205,5696,4115,200,5777,3815,253,5599,3997
201,1:40:30,25.1,216,5757,4193,246,5842,3976,240,5520,4055
202,1:41:00,25.1,243,5746,4103,224,5813,3871,241,5511,3972
203,1:41:30,25.1,247,5664,4156,251,5686,4032,229,5651,4038
204,1:42:00,25.1,253,5737,4216,231,5670,3885,237,5598,4046
205,1:42:30,25.1,230,5699,4157,248,5852,3960,241,5587,4035
206,1:43:00,25.1,233,5722,4140,231,5840,3986,243,5572,4071
207,1:43:30,25.1,222,5856,4193,257,5701,3905,232,5538,3969
208,1:44:00,25.1,222,5700,4120,245,5806,3863,240,5614,4107
209,1:44:30,25.1,220,5745,4161,235,5767,3963,245,5599,3987
210,1:45:00,25.1,243,5763,4252,228,5834,4061,275,5586,4131
211,1:45:30,25.1,239,5676,4197,258,5788,3977,267,5572,4106
212,1:46:00,25.1,232,5668,4200,235,5804,3959,243,5654,3995
213,1:46:30,25.1,217,5762,4179,233,5776,3918,219,5616,3981
214,1:47:00,25.1,217,5853,4211,216,5864,3901,244,5657,4002
215,1:47:30,25.1,246,5734,4181,252,5851,3844,238,5613,4046
216,1:48:00,25.1,234,5696,4223,244,5825,4072,238,5495,4058
217,1:48:30,25.1,232,5693,4213,236,5729,3887,237,5505,4045
218,1:49:00,25.1,235,5808,4219,241,5843,4007,253,5646,4074
219,1:49:30,25.1,224,5774,4272,229,5840,4122,231,5622,3974
220,1:50:00,25.1,237,5746,4161,239,5739,4022,242,5605,4086
221,1:50:30,25.1,236,5693,4223,259,5739,3939,252,5623,4113
222,1:51:00,25.1,236,5658,4186,223,5857,3957,231,5571,4009
223,1:51:30,25.1,238,5733,4236,235,5823,4037,231,5578,4050
224,1:52:00,25.1,240,5844,4145,237,5725,3972,232,5672,4060
225,1:52:30,25.1,227,5834,4274,226,5744,3978,228,5501,4107
226,1:53:00,25.1,219,5786,4347,212,5721,4011,229,5680,4117
227,1:53:30,25.1,222,5711,4284,207,5826,3994,233,5578,4204
228,1:54:00,25.1,234,5755,4237,256,5870,4007,237,5562,4032
229,1:54:30,25.1,240,5877,4236,250,5716,3994,225,5601,4029
230,1:55:00,25.1,227,5753,4196,265,5733,4007,248,5625,4015
231,1:55:30,25.1,256,5660,4252,247,5740,3975,243,5659,4019
232,1:56:00,25.1,227,5703,4258,249,5741,4050,249,5614,4048
233,1:56:30,25.1,235,5790,4268,218,5764,4044,228,5655,3977
234,1:57:00,25.1,229,5788,4257,210,5690,3998,241,5528,4061
235,1:57:30,25.1,239,5809,4169,247,5722,3963,238,5572,4171
236,1:58:00,25.1,256,5797,4220,238,5819,3974,250,5638,4055
237,1:58:30,25.1,240,5747,4248,250,5851,4064,232,5649,4258
238,1:59:00,25.1,228,5696,4334,239,5770,4029,216,5682,4109
239,1:59:30,25.1,254,5763,4266,234,5725,4005,228,5603,4157
240,2:00:00,25.1,241,5658,4258,260,5823,4021,227,5689,4082
241,2:00:30,25.1,218,5742,4219,241,5793,3937,259,5547,4157
242,2:01:00,25.1,224,5772,4171,245,5778,4001,248,5665,4175
243,2:01:30,25.1,231,5770,4333,249,5866,4028,234,5635,4125
244,2:02:00,25.1,219,5847,4346,235,5755,4062,243,5566,4162
245,2:02:30,25.1,222,5685,4273,238,5845,4019,258,5589,3979
246,2:03:00,25.1,222,5773,4319,250,5774,4068,243,5607,4128
247,2:03:30,25.1,236,5765,4308,246,5791,4105,233,5598,4070
248,2:04:00,25.1,220,5812,4303,215,5817,4146,252,5543,4157
249,2:04:30,25.1,242,5727,4360,250,5806,4017,249,5585,4133
250,2:05:00,25.1,248,5839,4361,246,5743,4042,251,5640,4083
251,2:05:30,25.1,232,5724,4211,233,5746,4071,250,5621,4153
252,2:06:00,25.1,217,5656,4351,231,5907,4021,221,5656,4046
253,2:06:30,25.1,220,5771,4354,234,5818,4039,244,5605,4093
254,2:07:00,25.1,233,5763,4326,241,5775,4105,234,5625,4129
255,2:07:30,25.1,239,5792,4258,225,5748,4050,233,5586,4158
256,2:08:00,25.1,216,5783,4274,238,5789,4018,244,5518,4081
257,2:08:30,25.1,231,5699,4325,236,5689,4088,237,5686,4142
258,2:09:00,25.1,223,5650,4276,222,5824,4050,244,5659,4147
259,2:09:30,25.1,258,5753,4279,258,5792,4026,250,5596,4254
260,2:10:00,25.1,208,5773,4454,250,5881,4058,249,5705,4237
261,2:10:30,25.1,243,5840,4380,242,5754,4008,245,5569,4091
262,2:11:00,25.1,219,5770,4260,232,5836,4089,256,5628,4113
263,2:11:30,25.1,232,5817,4257,250,5728,3983,227,5620,4263
264,2:12:00,25.1,249,5757,4383,239,5767,4022,244,5698,4156
265,2:12:30,25.1,232,5736,4314,255,5786,4022,222,5637,4164
266,2:13:00,25.1,244,5802,4439,243,5786,3970,255,5537,4169
267,2:13:30,25.1,252,5763,4283,213,5783,4079,251,5711,4251
268,2:14:00,25.1,232,5777,4356,249,5817,4181,243,5696,4202
269,2:14:30,25.1,233,5806,4261,248,5793,4147,243,5588,4110
270,2:15:00,25.1,225,5683,4350,240,5771,4021,264,5613,4097
271,2:15:30,25.1,241,5700,4374,250,5733,4162,233,5629,4160
272,2:16:00,25.1,222,5678,4341,248,5709,4045,266,5677,4152
273,2:16:30,25.1,237,5752,4314,228,5810,4075,258,5584,4146
274,2:17:00,25.1,240,5756,4322,236,5767,4078,239,5547,4173
275,2:17:30,25.1,219,5808,4415,264,5722,4151,242,5702,4176
276,2:18:00,25.1,230,5836,4410,209,5767,4162,222,5534,4107
277,2:18:30,25.1,238,5690,4410,238,5793,4045,250,5602,4193
278,2:19:00,25.1,239,5727,4318,248,5770,4082,259,5539,4200
279,2:19:30,25.1,224,5729,4348,229,5778,4068,228,5557,4076
280,2:20:00,25.1,227,5832,4301,244,5866,4078,247,5616,4230
281,2:20:30,25.1,226,5921,4317,247,5929,4099,245,5661,4206
282,2:21:00,25.1,233,5848,4304,249,5804,4113,240,5599,4187
283,2:21:30,25.1,241,5777,4270,235,5785,4026,261,5602,4235
284,2:22:00,25.1,220,5794,4379,253,5757,4091,246,5533,4214
285,2:22:30,25.1,231,5828,4271,213,5718,4123,244,5583,4140
286,2:23:00,25.1,231,5738,4261,226,5814,4107,233,5580,4202
287,2:23:30,25,236,5694,4195,247,5795,4085,217,5598,4213
288,2:24:00,25.1,224,5715,4380,254,5800,4077,253,5686,4229
289,2:24:30,25.1,239,5749,4389,232,5731,4079,244,5658,4104
290,2:25:00,25.1,252,5710,4323,224,5885,4076,231,5637,4054
291,2:25:30,25.1,255,5726,4408,234,5930,4124,247,5595,4188
292,2:26:00,25.1,236,5835,4392,239,5812,4141,242,5695,4132
293,2:26:30,25.1,246,5707,4410,231,5814,4051,244,5566,4206
294,2:27:00,25.1,212,5771,4391,239,5807,4124,246,5671,4215
295,2:27:30,25.1,234,5755,4473,239,5781,4119,245,5732,4251
296,2:28:00,25.1,221,5775,4365,251,5796,4144,217,5539,4261
297,2:28:30,25.1,228,5840,4378,251,5745,4089,239,5640,4249
298,2:29:00,25.1,257,5811,4351,242,5829,4141,230,5591,4241
299,2:29:30,25.1,249,5835,4349,260,5796,4138,236,5625,4196
300,2:30:00,25.1,242,5831,4405,243,5837,4111,243,5678,4208
301,2:30:30,25.1,231,5766,4410,237,5772,4133,242,5542,4290
302,2:31:00,25.1,254,5868,4382,235,5851,4154,225,5604,4181
303,2:31:30,25.1,237,5801,4355,234,5713,4121,239,5557,4322
304,2:32:00,25.1,235,5817,4355,248,5717,4044,240,5530,4132
305,2:32:30,25.1,248,5686,4352,222,5735,4067,248,5629,4256
306,2:33:00,25.1,226,5810,4441,236,5848,4186,223,5580,4221
307,2:33:30,25.1,243,5810,4403,238,5701,4073,234,5635,4253
308,2:34:00,25.1,238,5766,4340,252,5892,4124,225,5702,4132
309,2:34:30,25.1,233,5814,4400,241,5735,4180,215,5645,4219
310,2:35:00,25,240,5758,4476,231,5846,4159,246,5670,4259
311,2:35:30,25.1,240,5880,4358,240,5824,4157,238,5595,4227
312,2:36:00,25.1,247,5882,4321,246,5779,4202,224,5655,4191
313,2:36:30,25.1,224,5773,4439,244,5806,4101,249,5633,4138
314,2:37:00,25.1,235,5778,4282,238,5833,4213,242,5676,4108
315,2:37:30,25.1,224,5732,4360,235,5871,4206,243,5682,4262
316,2:38:00,25,234,5713,4368,233,5823,4291,227,5626,4137
317,2:38:30,25.1,248,5816,4356,231,5854,4150,238,5683,4293
318,2:39:00,25,229,5711,4472,226,5862,4156,263,5610,4228
319,2:39:30,25.1,222,5708,4458,230,5747,4176,235,5621,4155
320,2:40:00,25.1,222,5837,4326,257,5855,4167,248,5711,4345
321,2:40:30,25.1,233,5808,4453,257,5864,4130,240,5616,4209
322,2:41:00,25.1,253,5827,4277,237,5845,4302,224,5615,4209
323,2:41:30,25.1,225,5872,4387,229,5840,4119,246,5660,4258
324,2:42:00,25.1,222,5815,4334,248,5727,4127,237,5599,4215
325,2:42:30,25.1,224,5749,4354,253,5767,4245,242,5581,4224
326,2:43:00,25.1,275,5663,4327,248,5763,4206,240,5641,4144
327,2:43:30,25.1,218,5760,4370,250,5766,4187,238,5604,4224
328,2:44:00,25.1,248,5740,4406,269,5672,4161,231,5584,4277
329,2:44:30,25.1,238,5785,4402,241,5699,4104,246,5604,4321
330,2:45:00,25,222,5827,4431,232,5813,4191,245,5709,4221
331,2:45:30,25.1,220,5814,4417,242,5885,4219,238,5584,4357
332,2:46:00,25.1,233,5802,4457,245,5829,4133,244,5670,4208
333,2:46:30,25.1,223,5803,4421,251,5826,4222,233,5603,4208
334,2:47:00,25.1,230,5831,4506,257,5798,4190,250,5549,4286
335,2:47:30,25.1,220,5867,4354,237,5731,4160,247,5679,4232
336,2:48:00,25.1,240,5782,4340,231,5807,4200,257,5629,4312
337,2:48:30,25,231,5823,4504,238,5931,4166,227,5727,4231
338,2:49:00,25.1,230,5663,4484,227,5883,4176,251,5659,4295
339,2:49:30,25.1,240,5894,4466,231,5843,4240,249,5627,4186
340,2:50:00,25.1,214,5801,4509,244,5982,4225,253,5600,4224
341,2:50:30,25.1,263,5747,4510,221,5793,4255,240,5562,4217
342,2:51:00,25.1,239,5742,4438,227,5876,4295,254,5700,4325
343,2:51:30,25.1,233,5877,4445,238,5769,4214,246,5617,4232
344,2:52:00,25.1,243,5729,4387,245,5754,4149,247,5684,4381
345,2:52:30,25.1,242,5705,4550,242,5906,4176,230,5666,4325
346,2:53:00,25,218,5704,4510,236,5805,4210,241,5577,4282
347,2:53:30,25.1,217,5648,4384,233,5845,4151,252,5592,4309
348,2:54:00,25,231,5818,4490,237,5743,4283,246,5571,4281
349,2:54:30,25.1,227,5801,4401,225,5814,4216,265,5559,4213
350,2:55:00,25,228,5773,4407,248,5847,4167,252,5671,4278
351,2:55:30,25.1,230,5812,4428,217,5813,4242,243,5728,4185
352,2:56:00,25.1,230,5789,4391,249,5811,4227,235,5690,4406
353,2:56:30,25.1,239,5882,4358,247,5878,4216,226,5623,4311
354,2:57:00,25.1,230,5826,4420,234,5802,4293,228,5659,4351
355,2:57:30,25.1,243,5770,4479,211,5800,4200,247,5685,4389
356,2:58:00,25.1,242,5898,4456,227,5859,4276,248,5651,4365
357,2:58:30,25.1,238,5777,4515,251,5858,4166,227,5616,4286
358,2:59:00,25.1,230,5794,4433,203,5852,4205,252,5705,4277
359,2:59:30,25.1,250,5728,4500,231,5721,4329,263,5680,4270
360,3:00:00,25.1,231,5712,4465,229,5731,4250,229,5665,4285
361,3:00:30,25,241,5823,4377,263,5882,4247,254,5584,4377
362,3:01:00,25.1,207,5762,4517,247,5733,4284,250,5652,4370
363,3:01:30,25.1,246,5764,4489,242,5877,4298,228,5635,4328
364,3:02:00,25,218,5739,4439,224,5925,4249,245,5534,4341
365,3:02:30,25.1,226,5849,4449,240,5833,4238,234,5716,4386
366,3:03:00,25.1,230,5944,4438,218,5830,4285,268,5689,4273
367,3:03:30,25.1,239,5899,4474,236,5780,4229,248,5598,4359
368,3:04:00,25.1,225,5742,4468,263,5884,4256,265,5624,4377
369,3:04:30,25.1,248,5941,4432,240,5837,4245,236,5715,4320
370,3:05:00,25.1,227,5782,4411,227,5824,4205,223,5736,4337
371,3:05:30,25.1,229,5850,4439,232,5769,4281,212,5695,4325
372,3:06:00,25,221,5783,4466,253,5925,4320,251,5691,4364
373,3:06:30,25.1,253,5830,4505,241,5805,4232,223,5663,4242
374,3:07:00,25.1,243,5757,4429,230,5943,4172,231,5690,4289
375,3:07:30,25,227,5930,4482,238,5989,4219,244,5683,4387
376,3:08:00,25.1,253,5752,4478,243,5852,4159,248,5571,4280
377,3:08:30,25.1,214,5785,4486,238,5778,4329,253,5579,4353
378,3:09:00,25.1,250,5751,4519,250,5821,4308,240,5640,4314
379,3:09:30,25.1,208,5868,4542,234,5802,4330,255,5612,4371
380,3:10:00,25.1,225,5912,4418,223,5777,4149,250,5733,4339
381,3:10:30,25,233,5885,4454,245,5807,4295,249,5664,4299
382,3:11:00,25,209,5814,4551,241,5739,4293,236,5656,4391
383,3:11:30,25,230,5883,4487,241,5891,4254,244,5666,4357
384,3:12:00,25.1,225,5748,4403,224,5838,4329,221,5633,4355
385,3:12:30,25.1,222,5801,4444,244,5814,4257,257,5630,4303
386,3:13:00,25.1,235,5799,4485,240,5794,4316,244,5631,4409
387,3:13:30,25.1,226,5818,4515,238,5689,4367,239,5582,4290
388,3:14:00,25.1,219,5841,4557,244,5873,4268,256,5607,4397
389,3:14:30,25.1,220,5823,4435,252,5818,4295,231,5596,4393
390,3:15:00,25.1,234,5753,4430,223,5876,4236,233,5733,4311
391,3:15:30,25,207,5778,4439,261,5807,4242,247,5722,4286
392,3:16:00,25.1,237,5791,4532,222,5802,4241,242,5558,4444
393,3:16:30,25,257,5853,4506,224,5820,4252,254,5727,4470
394,3:17:00,25,228,5850,4454,248,5878,4208,238,5642,4372
395,3:17:30,25.1,223,5748,4412,227,5703,4333,248,5665,4242
396,3:18:00,25.1,234,5812,4445,222,5759,4309,243,5485,4326
397,3:18:30,25,246,5690,4536,237,5827,4352,233,5616,4379
398,3:19:00,25,249,5831,4459,235,5721,4260,227,5612,4392
399,3:19:30,25,238,5765,4501,233,5765,4334,244,5684,4270
400,3:20:00,25,231,5771,4488,225,5921,4330,272,5712,4446
401,3:20:30,25,233,5910,4481,217,5734,4331,236,5671,4327
402,3:21:00,25,215,5865,4506,247,5833,4301,247,5702,4357
403,3:21:30,25,232,5875,4505,235,5825,4276,237,5669,4444
404,3:22:00,25,238,5781,4561,229,5907,4274,248,5664,4376
405,3:22:30,25,241,5842,4531,257,5820,4344,253,5613,4334
406,3:23:00,25,238,5839,4521,224,5890,4281,241,5611,4319
407,3:23:30,25,229,5832,4558,246,5749,4324,242,5612,4298
408,3:24:00,25,237,5842,4564,237,5748,4325,240,5655,4327
409,3:24:30,25,248,5835,4532,240,5903,4344,253,5686,4344
410,3:25:00,25,236,5802,4482,257,5707,4266,254,5603,4385
411,3:25:30,25,227,5817,4469,248,5759,4343,265,5651,4311
412,3:26:00,25,249,5791,4518,229,5867,4260,241,5594,4487
413,3:26:30,25,246,5837,4536,223,5848,4310,237,5619,4322
414,3:27:00,25,242,5764,4515,220,5787,4330,252,5508,4313
415,3:27:30,25,231,5907,4489,238,5862,4306,229,5648,4348
416,3:28:00,25,232,5792,4522,217,5846,4350,260,5704,4389
417,3:28:30,25,246,5844,4639,267,5825,4325,236,5704,4259
418,3:29:00,25,238,5811,4498,222,5904,4323,238,5652,4417
419,3:29:30,25,246,5732,4561,236,5874,4331,247,5686,4410
420,3:30:00,25.1,214,5889,4428,221,5792,4391,249,5598,4498
421,3:30:30,25,239,5819,4532,233,5884,4318,275,5676,4313
422,3:31:00,25,242,5770,4489,248,5797,4359,232,5615,4326
423,3:31:30,25,235,5730,4457,241,5857,4252,251,5654,4297
424,3:32:00,25,236,5674,4609,247,5785,4359,251,5655,4332
425,3:32:30,25,241,5855,4533,248,5856,4382,247,5749,4361
426,3:33:00,25,226,5818,4610,253,5818,4354,229,5675,4341
427,3:33:30,25,222,5784,4496,234,5851,4327,242,5660,4306
428,3:34:00,25,227,5861,4551,228,5840,4318,245,5765,4463
429,3:34:30,25,251,5797,4509,225,5935,4354,249,5653,4331
430,3:35:00,25,228,5692,4541,237,5862,4295,237,5654,4287
431,3:35:30,25,232,5826,4536,241,5872,4298,232,5673,4265
432,3:36:00,25,246,5875,4524,224,5772,4371,255,5634,4350
433,3:36:30,25,243,5747,4483,230,5981,4377,241,5684,4356
434,3:37:00,25,237,5790,4537,241,5828,4246,258,5790,4388
435,3:37:30,25,232,5690,4569,238,5862,4367,253,5721,4363
436,3:38:00,25,220,5898,4573,250,5908,4350,255,5679,4330
437,3:38:30,25,231,5810,4472,246,5838,4322,237,5472,4466
438,3:39:00,25,226,5953,4506,250,5841,4376,249,5620,4407
439,3:39:30,25,222,5849,4566,255,5771,4351,235,5727,4274
440,3:40:00,25,220,5805,4520,246,5940,4282,260,5674,4329
441,3:40:30,25,248,5799,4476,226,5795,4389,227,5631,4333
442,3:41:00,25,248,5866,4496,255,5927,4372,235,5640,4451
443,3:41:30,25,252,5822,4429,238,5923,4444,249,5660,4389
444,3:42:00,25,235,5683,4484,235,5842,4333,263,5707,4442
445,3:42:30,25,235,5730,4597,240,5750,4439,244,5729,4343
446,3:43:00,25,234,5798,4553,227,5852,4363,242,5617,4372
447,3:43:30,25,220,5796,4535,264,5839,4355,237,5696,4397
448,3:44:00,25,241,5786,4546,248,5828,4470,225,5655,4302
449,3:44:30,25,240,5781,4501,226,5891,4293,228,5677,4453
450,3:45:00,25,220,5879,4631,244,5914,4388,257,5601,4482
451,3:45:30,25,242,5797,4608,213,5899,4351,232,5603,4326
452,3:46:00,25,238,5851,4584,216,5834,4405,250,5623,4545
453,3:46:30,25,230,5843,4541,248,5877,4349,236,5626,4476
454,3:47:00,25,225,5860,4505,251,5926,4430,249,5655,4421
455,3:47:30,25,251,5814,4608,254,5770,4469,257,5669,4479
456,3:48:00,25,222,5809,4584,231,5871,4326,241,5650,4486
457,3:48:30,25,249,5654,4489,245,5830,4371,262,5586,4355
458,3:49:00,25,255,5919,4639,233,5791,4425,253,5634,4320
459,3:49:30,25,242,5851,4653,229,5866,4356,249,5654,4331
460,3:50:00,25,227,5840,4581,234,5814,4384,251,5670,4455
461,3:50:30,25.1,225,5751,4578,247,5909,4419,239,5613,4420
462,3:51:00,25,218,5946,4572,210,5803,4373,242,5667,4320
463,3:51:30,25,228,5890,4593,237,5722,4313,242,5625,4345
464,3:52:00,25.1,235,5815,4588,251,5859,4372,240,5616,4429
465,3:52:30,25,220,5901,4533,250,5815,4416,250,5723,4425
466,3:53:00,25.1,237,5741,4626,218,5828,4386,259,5714,4402
467,3:53:30,25.1,235,5897,4497,239,5879,4438,240,5602,4379
468,3:54:00,25.1,240,5815,4599,245,5843,4466,245,5731,4528
469,3:54:30,25.1,223,5755,4460,237,5883,4391,247,5677,4415
470,3:55:00,25.1,242,5759,4697,232,5845,4379,245,5572,4396
471,3:55:30,25.1,231,5849,4510,217,5806,4386,250,5546,4332
472,3:56:00,25.1,236,5868,4592,244,5834,4379,249,5605,4409
473,3:56:30,25.1,223,5766,4615,242,5882,4403,223,5607,4386
474,3:57:00,25.1,236,5940,4481,237,5917,4408,243,5611,4401
475,3:57:30,25.1,234,5779,4622,241,5883,4415,250,5581,4351
476,3:58:00,25.1,222,5826,4517,240,5807,4421,232,5597,4420
477,3:58:30,25.1,256,5830,4506,236,5743,4407,247,5548,4373
478,3:59:00,25.1,253,5815,4593,219,5820,4329,228,5749,4373
479,3:59:30,25.1,217,5769,4536,261,5777,4340,249,5694,4412
480,4:00:00,25.1,246,5919,4545,224,5852,4432,240,5685,4401
481,4:00:30,25.1,248,5854,4627,220,5738,4457,246,5530,4453
482,4:01:00,25.1,255,5796,4611,226,5787,4371,236,5694,4427
483,4:01:30,25.1,250,5703,4521,236,5815,4392,230,5622,4330
484,4:02:00,25.1,215,5856,4639,223,5870,4425,244,5639,4470
485,4:02:30,25.1,210,5833,4615,250,5743,4404,232,5695,4434
486,4:03:00,25.1,231,5830,4630,265,5845,4473,251,5725,4427
487,4:03:30,25.1,224,5793,4605,223,5686,4498,231,5554,4369
488,4:04:00,25.1,235,5766,4594,226,5852,4405,235,5706,4493
489,4:04:30,25.1,228,5794,4643,248,5882,4433,269,5660,4422
490,4:05:00,25.1,236,5809,4601,236,5829,4372,242,5583,4506
491,4:05:30,25.1,246,5814,4638,250,5761,4423,240,5650,4401
492,4:06:00,25.1,239,5842,4601,225,5932,4406,249,5635,4427
493,4:06:30,25.1,241,5793,4559,252,5862,4383,239,5647,4398
494,4:07:00,25.1,237,5723,4570,223,5853,4534,253,5701,4449
495,4:07:30,25.1,244,5735,4530,240,5839,4468,237,5638,4381
496,4:08:00,25.1,246,5691,4687,217,5788,4441,236,5709,4369
497,4:08:30,25.1,244,5858,4629,238,5741,4364,247,5562,4337
498,4:09:00,25.1,243,5760,4622,245,5866,4471,253,5678,4322
499,4:09:30,25.1,219,5695,4531,220,5758,4321,263,5709,4437
500,4:10:00,25.1,220,5843,4650,221,5743,4326,239,5566,4372
501,4:10:30,25.1,234,5757,4626,253,5727,4412,250,5710,4414
502,4:11:00,25.1,234,5745,4546,236,5821,4393,234,5605,4406
503,4:11:30,25.1,251,5805,4560,233,5886,4396,214,5742,4481
504,4:12:00,25.1,216,5856,4644,252,5827,4422,240,5649,4388
505,4:12:30,25.1,257,5812,4661,228,5880,4386,241,5713,4383
506,4:13:00,25.1,228,5880,4569,233,5858,4329,253,5640,4335
507,4:13:30,25.1,234,5792,4583,236,5842,4431,233,5612,4529
508,4:14:00,25.1,245,5872,4629,241,5820,4413,241,5648,4416
509,4:14:30,25.1,217,5791,4563,232,5755,4390,251,5598,4376
510,4:15:00,25.1,250,5705,4657,225,5823,4512,228,5592,4449
511,4:15:30,25.1,234,5800,4592,243,5794,4399,264,5583,4511
512,4:16:00,25.1,231,5857,4667,229,5799,4370,241,5645,4455
513,4:16:30,25.1,239,5630,4560,233,5826,4370,232,5683,4463
514,4:17:00,25.1,212,5794,4618,225,5692,4440,225,5737,4452
515,4:17:30,25.1,235,5672,4710,219,5869,4393,260,5618,4433
516,4:18:00,25.1,242,5745,4714,241,5778,4388,232,5545,4549
517,4:18:30,25.1,237,5778,4648,256,5811,4407,245,5768,4509
518,4:19:00,25.1,219,5847,4646,234,5830,4381,264,5634,4358
519,4:19:30,25.1,228,5893,4621,242,5912,4367,249,5689,4456
520,4:20:00,25.1,245,5736,4606,239,5767,4443,247,5643,4404
521,4:20:30,25.1,249,5645,4640,230,5896,4455,252,5603,4454
522,4:21:00,25.1,235,5692,4640,245,5923,4456,265,5588,4476
523,4:21:30,25.1,253,5701,4566,239,5807,4452,224,5665,4405
524,4:22:00,25.1,217,5718,4636,249,5877,4455,231,5677,4386
525,4:22:30,25.1,252,5803,4581,230,5723,4370,226,5765,4437
526,4:23:00,25.1,237,5636,4661,231,5712,4412,231,5610,4457
527,4:23:30,25.1,228,5697,4587,260,5737,4450,251,5678,4407
528,4:24:00,25.1,236,5830,4650,224,5948,4478,232,5595,4473
529,4:24:30,25.1,233,5813,4608,216,5863,4399,256,5670,4477
530,4:25:00,25.1,236,5885,4580,235,5861,4442,252,5597,4465
531,4:25:30,25.1,231,5864,4619,257,5841,4364,267,5547,4358
532,4:26:00,25.1,247,5776,4562,250,5874,4437,244,5602,4495
533,4:26:30,25.1,238,5725,4717,231,5903,4448,263,5626,4482
534,4:27:00,25.2,253,5853,4690,252,5767,4425,227,5623,4381
535,4:27:30,25.1,238,5837,4574,236,5896,4454,251,5701,4436
536,4:28:00,25.2,238,5736,4626,258,5748,4503,240,5513,4502
537,4:28:30,25.2,242,5746,4565,240,5843,4394,215,5666,4392
538,4:29:00,25.2,232,5814,4680,229,5804,4419,231,5630,4422
539,4:29:30,25.2,235,5804,4502,231,5915,4405,240,5528,4517
540,4:30:00,25.2,215,5773,4593,244,5699,4476,233,5515,4330
541,4:30:30,25.1,242,5714,4690,246,5902,4409,224,5609,4503
542,4:31:00,25.1,238,5786,4622,237,5795,4401,240,5539,4431
543,4:31:30,25.1,225,5797,4555,224,5802,4454,250,5732,4463
544,4:32:00,25.1,241,5773,4625,224,5704,4520,241,5683,4376
545,4:32:30,25.1,216,5759,4703,214,5795,4516,269,5611,4455
546,4:33:00,25.1,249,5777,4677,228,5808,4425,235,5531,4437
547,4:33:30,25.1,242,5830,4561,262,5971,4374,224,5624,4477
548,4:34:00,25.1,244,5814,4605,258,5740,4511,259,5658,4478
549,4:34:30,25.1,243,5733,4498,239,5850,4388,236,5721,4430
550,4:35:00,25.1,230,5796,4537,230,5798,4502,244,5717,4377
551,4:35:30,25.1,239,5665,4655,244,5803,4491,237,5604,4533
552,4:36:00,25.1,259,5729,4655,253,5797,4469,221,5737,4506
553,4:36:30,25.1,237,5879,4628,238,5800,4382,256,5700,4540
554,4:37:00,25.1,223,5928,4620,231,5825,4377,241,5634,4435
555,4:37:30,25.1,226,5869,4587,267,5863,4384,252,5793,4443
556,4:38:00,25.1,238,5840,4611,207,5713,4444,251,5742,4501
557,4:38:30,25.1,233,5724,4515,242,5663,4504,252,5553,4411
558,4:39:00,25.1,252,5801,4685,246,5826,4419,236,5626,4573
559,4:39:30,25.1,239,5773,4597,246,5827,4429,248,5580,4426
560,4:40:00,25.1,242,5790,4616,254,5811,4468,233,5700,4440
561,4:40:30,25.1,239,5751,4713,237,5742,4515,260,5606,4456
562,4:41:00,25.1,223,5677,4690,251,5785,4614,252,5628,4408
563,4:41:30,25.1,224,5740,4706,234,5773,4439,242,5591,4469
564,4:42:00,25.1,229,5760,4528,241,5848,4536,221,5645,4493
565,4:42:30,25.1,226,5797,4562,232,5842,4480,232,5673,4396
566,4:43:00,25.1,214,5740,4670,233,5825,4486,246,5689,4397
567,4:43:30,25.1,211,5664,4621,224,5884,4436,251,5555,4458
568,4:44:00,25.1,206,5687,4682,241,5717,4344,219,5524,4511
569,4:44:30,25.1,238,5743,4714,245,5789,4380,254,5592,4495
570,4:45:00,25.1,233,5837,4561,248,5811,4393,246,5590,4459
571,4:45:30,25.1,221,5732,4592,221,5734,4452,251,5688,4421
572,4:46:00,25.1,253,5815,4585,233,5734,4474,246,5628,4417
573,4:46:30,25.1,229,5774,4703,242,5828,4519,216,5643,4355
574,4:47:00,25.1,215,5882,4597,240,5754,4446,251,5660,4376
575,4:47:30,25.1,252,5735,4625,262,5853,4462,239,5564,4418
576,4:48:00,25.1,233,5763,4592,261,5823,4441,248,5643,4372
577,4:48:30,25.1,221,5785,4647,244,5827,4426,226,5596,4434
578,4:49:00,25.1,219,5772,4545,225,5810,4438,245,5594,4510
579,4:49:30,25.1,250,5719,4631,237,5746,4505,253,5628,4397
580,4:50:00,25.1,238,5820,4627,214,5913,4554,260,5615,4414
581,4:50:30,25.1,224,5893,4623,229,5688,4477,249,5618,4471
582,4:51:00,25.1,233,5676,4688,236,5845,4523,254,5691,4383
583,4:51:30,25.1,233,5791,4715,225,5790,4486,242,5632,4451
584,4:52:00,25.1,237,5773,4606,234,5714,4466,238,5604,4457
585,4:52:30,25.1,232,5778,4733,260,5806,4447,237,5680,4490
586,4:53:00,25.1,244,5876,4678,236,5859,4458,253,5614,4397
587,4:53:30,25.1,249,5705,4600,216,5803,4481,231,5624,4519
588,4:54:00,25.1,224,5810,4652,225,5771,4482,247,5494,4405
589,4:54:30,25.1,228,5765,4787,241,5831,4454,238,5655,4436
590,4:55:00,25.1,259,5827,4574,241,5808,4486,250,5583,4515
591,4:55:30,25.1,238,5762,4661,236,5821,4472,251,5667,4430
592,4:56:00,25.1,248,5791,4608,240,5776,4450,234,5578,4466
593,4:56:30,25.1,241,5781,4720,256,5902,4468,243,5641,4396
594,4:57:00,25.1,245,5733,4635,234,5699,4440,238,5581,4497
595,4:57:30,25.1,227,5784,4706,242,5859,4395,247,5774,4542
596,4:58:00,25.1,223,5857,4630,237,5906,4455,242,5588,4392
597,4:58:30,25.1,238,5785,4571,241,5877,4455,247,5658,4548
598,4:59:00,25.1,244,5776,4550,248,5905,4338,254,5662,4501
599,4:59:30,25.1,256,5744,4643,264,5812,4460,250,5627,4370
600,5:00:00,25.1,232,5778,4743,241,5862,4367,229,5603,4412
601,5:00:30,25.1,245,5762,4490,217,5794,4527,235,5591,4515
602,5:01:00,25.1,234,5852,4669,235,5834,4444,209,5754,4395
603,5:01:30,25.1,222,5843,4713,239,5739,4494,229,5611,4456
604,5:02:00,25.1,226,5739,4678,240,5775,4455,225,5754,4521
605,5:02:30,25.1,249,5782,4602,213,5840,4505,243,5602,4589
606,5:03:00,25.1,242,5758,4626,234,5719,4459,257,5664,4550
607,5:03:30,25.1,227,5816,4702,248,5726,4473,257,5639,4511
608,5:04:00,25.1,234,5840,4610,235,5807,4594,283,5658,4498
609,5:04:30,25.1,242,5711,4611,212,5697,4493,234,5695,4490
610,5:05:00,25.1,239,5752,4738,235,5814,4416,244,5673,4511
611,5:05:30,25.1,245,5871,4687,236,5769,4529,243,5663,4533
612,5:06:00,25.1,226,5812,4635,227,5881,4453,226,5614,4502
613,5:06:30,25.1,243,5847,4677,238,5835,4448,245,5653,4536
614,5:07:00,25.1,235,5805,4689,220,5787,4520,235,5619,4546
615,5:07:30,25.1,223,5740,4626,229,5776,4524,251,5553,4404
616,5:08:00,25,236,5723,4704,234,5755,4589,206,5637,4551
617,5:08:30,25.1,222,5861,4668,236,5825,4573,229,5683,4506
618,5:09:00,25.1,254,5821,4732,245,5942,4480,239,5678,4429
619,5:09:30,25.1,228,5840,4667,243,5756,4558,256,5717,4515
620,5:10:00,25.1,211,5704,4648,233,5836,4440,236,5626,4527
621,5:10:30,25,220,5755,4668,234,5824,4453,235,5630,4416
622,5:11:00,25.1,237,5750,4723,249,5899,4456,238,5646,4441
623,5:11:30,25,237,5808,4774,238,5698,4437,228,5745,4484
624,5:12:00,25.1,220,5732,4711,260,5799,4461,250,5565,4536
625,5:12:30,25.1,237,5758,4723,233,5778,4411,232,5605,4535
626,5:13:00,25,233,5740,4675,232,5767,4446,239,5726,4562
627,5:13:30,25.1,248,5845,4704,253,5849,4550,264,5603,4475
628,5:14:00,25.1,247,5926,4576,226,5775,4511,263,5782,4495
629,5:14:30,25,239,5729,4607,241,5765,4441,252,5629,4473
630,5:15:00,25.1,244,5864,4704,228,5881,4484,225,5707,4557
631,5:15:30,25.1,233,5818,4641,254,5809,4628,239,5683,4527
632,5:16:00,25.1,254,5798,4680,231,5770,4537,230,5672,4492
633,5:16:30,25.1,257,5791,4673,216,5870,4456,234,5618,4448
634,5:17:00,25.1,245,5926,4773,224,5735,4499,267,5533,4482
635,5:17:30,25.1,246,5712,4674,228,5819,4567,246,5635,4534
636,5:18:00,25,222,5800,4716,243,5855,4500,250,5662,4458
637,5:18:30,25.1,239,5787,4644,244,5793,4536,244,5608,4531
638,5:19:00,25.1,245,5913,4655,244,5906,4540,243,5660,4612
639,5:19:30,25.1,225,5680,4692,250,5795,4540,243,5681,4474
640,5:20:00,25.1,238,5847,4694,245,5860,4529,224,5579,4546
641,5:20:30,25,239,5742,4703,240,5859,4519,251,5582,4401
642,5:21:00,25.1,252,5767,4727,221,5864,4580,257,5686,4469
643,5:21:30,25,228,5852,4755,251,5927,4495,247,5684,4567
644,5:22:00,25,238,5873,4801,224,5776,4582,234,5628,4470
645,5:22:30,25,227,5617,4657,237,5769,4644,269,5588,4562
646,5:23:00,25,232,5746,4643,230,5816,4465,257,5621,4545
647,5:23:30,25,230,5773,4680,215,5742,4594,248,5619,4542
648,5:24:00,25,228,5821,4767,240,5865,4385,255,5703,4575
649,5:24:30,25,237,5874,4727,219,5828,4545,231,5625,4459
650,5:25:00,25,226,5849,4764,224,5815,4472,246,5620,4455
651,5:25:30,25,216,5770,4710,236,5818,4645,241,5695,4574
652,5:26:00,25,231,5752,4766,241,5864,4578,220,5637,4550
653,5:26:30,25,239,5795,4771,233,5787,4567,246,5519,4586
654,5:27:00,25,229,5800,4798,235,5889,4497,232,5640,4587
655,5:27:30,25,229,5735,4695,235,5785,4460,228,5744,4468
656,5:28:00,25,232,5643,4673,246,5815,4589,251,5650,4531
657,5:28:30,25,239,5851,4701,225,5852,4550,232,5635,4403
658,5:29:00,25,232,5757,4766,257,5763,4395,248,5657,4416
659,5:29:30,25.1,246,5847,4794,226,5717,4509,239,5602,4456
660,5:30:00,25,234,5822,4653,220,5810,4607,249,5711,4611
661,5:30:30,25,225,5767,4717,236,5800,4451,256,5697,4629
662,5:31:00,25,228,5786,4658,264,5872,4588,219,5645,4594
663,5:31:30,25,227,5766,4683,256,5819,4607,248,5610,4575
664,5:32:00,25,224,5763,4755,238,5798,4642,261,5674,4608
665,5:32:30,25,259,5773,4651,256,5911,4524,235,5678,4561
666,5:33:00,25,224,5836,4776,250,5819,4500,249,5625,4525
667,5:33:30,25,223,5960,4665,236,5917,4631,234,5602,4476
668,5:34:00,25,214,5792,4623,236,5732,4573,249,5636,4526
669,5:34:30,25,236,5849,4768,245,5930,4580,237,5685,4580
670,5:35:00,25,257,5941,4760,233,5764,4596,250,5647,4478
671,5:35:30,25,221,5925,4778,252,6008,4643,245,5693,4510
672,5:36:00,25,230,5891,4672,235,5820,4511,234,5742,4607
673,5:36:30,25,233,5847,4707,220,5768,4564,244,5680,4558
674,5:37:00,25,228,5742,4736,234,5877,4516,232,5647,4566
675,5:37:30,25,248,5857,4754,226,5864,4613,250,5776,4502
676,5:38:00,25,234,5718,4701,243,5869,4612,224,5689,4609
677,5:38:30,25,259,5834,4778,253,5831,4536,239,5711,4533
678,5:39:00,25,226,5917,4826,250,5862,4603,239,5661,4565
679,5:39:30,25,236,5760,4737,245,5807,4623,234,5670,4576
680,5:40:00,25,228,5765,4694,231,5939,4606,246,5557,4569
681,5:40:30,25,238,5829,4681,239,5808,4535,252,5737,4540
682,5:41:00,25,228,5822,4646,235,5872,4613,249,5588,4527
683,5:41:30,25,224,5734,4775,223,5893,4541,242,5651,4485
684,5:42:00,25,246,5779,4688,226,5937,4512,251,5643,4549
685,5:42:30,25,229,5772,4661,236,6030,4548,245,5571,4619
686,5:43:00,25,249,5768,4729,232,5855,4544,240,5626,4507
687,5:43:30,25,246,5751,4764,240,5913,4632,233,5751,4444
688,5:44:00,25,217,5759,4781,229,5900,4629,246,5565,4485
689,5:44:30,25,240,5856,4752,251,5962,4547,237,5734,4503
690,5:45:00,25,241,5831,4807,234,5812,4551,228,5659,4471
691,5:45:30,25,242,5877,4697,249,5739,4570,259,5644,4468
692,5:46:00,25,222,5880,4766,247,5811,4562,257,5643,4540
693,5:46:30,25,221,5900,4796,241,5960,4595,243,5700,4594
694,5:47:00,25,233,5827,4739,224,5891,4667,218,5636,4568
695,5:47:30,25,241,5734,4761,231,5866,4553,232,5664,4540
696,5:48:00,25,248,5784,4729,230,5852,4550,234,5648,4582
697,5:48:30,25,242,5873,4769,253,5890,4568,230,5711,4561
698,5:49:00,25,231,5833,4793,237,5889,4603,244,5706,4587
699,5:49:30,25,211,5775,4760,238,5808,4580,242,5648,4612
700,5:50:00,25,224,5765,4684,250,5870,4597,251,5679,4430
701,5:50:30,25.1,240,5790,4755,204,5837,4441,247,5637,4590
702,5:51:00,25.1,248,5853,4869,236,5865,4656,242,5695,4596
703,5:51:30,25,236,5802,4718,239,5800,4549,270,5668,4537
704,5:52:00,25.1,234,5860,4632,223,5767,4568,237,5590,4585
705,5:52:30,25,263,5812,4853,228,5775,4631,251,5705,4632
706,5:53:00,25,229,5822,4724,236,5772,4649,261,5659,4588
707,5:53:30,25,241,5725,4880,231,5805,4590,256,5689,4581
708,5:54:00,25,218,5931,4816,244,5821,4601,239,5530,4607
709,5:54:30,25,229,5847,4841,234,5769,4614,267,5703,4590
710,5:55:00,25.1,218,5935,4659,252,5849,4652,249,5601,4614
711,5:55:30,25,230,5788,4813,234,5710,4616,250,5643,4565
712,5:56:00,25.1,232,5748,4722,233,5873,4696,247,5634,4588
713,5:56:30,25.1,236,5742,4633,243,5805,4616,251,5613,4582
714,5:57:00,25.1,212,5840,4776,251,5735,4656,252,5738,4518
715,5:57:30,25.1,257,5827,4780,233,5827,4592,257,5690,4544
716,5:58:00,25.1,249,5828,4767,250,5898,4654,249,5766,4598
717,5:58:30,25.1,258,5838,4702,225,5804,4591,248,5591,4616
718,5:59:00,25.1,242,5907,4794,233,5904,4640,243,5771,4537
719,5:59:30,25.1,227,5801,4779,266,5874,4511,264,5768,4475
720,6:00:00,25.1,235,5863,4761,252,5792,4536,238,5709,4583
721,6:00:30,25.1,249,5738,4695,244,5774,4580,236,5753,4612
722,6:01:00,25.1,247,5806,4678,247,5893,4505,240,5625,4575
723,6:01:30,25.1,231,5916,4766,261,5934,4615,231,5661,4583
724,6:02:00,25.1,252,5791,4789,220,5897,4561,246,5716,4583
725,6:02:30,25.1,254,5820,4636,234,5939,4640,247,5704,4565
726,6:03:00,25.1,230,5882,4774,239,5906,4610,241,5651,4561
727,6:03:30,25.1,246,5965,4737,220,5894,4591,214,5712,4632
728,6:04:00,25.1,234,5731,4729,213,5891,4650,226,5531,4527
729,6:04:30,25.1,228,5807,4734,232,5926,4586,258,5642,4625
730,6:05:00,25.1,218,5848,4793,231,5909,4687,244,5756,4579
731,6:05:30,25.1,256,5870,4706,252,5892,4642,241,5802,4520
732,6:06:00,25.1,255,5832,4759,234,5783,4578,249,5564,4583
733,6:06:30,25.1,228,5888,4700,230,5910,4495,243,5624,4643
734,6:07:00,25.1,238,5887,4671,218,6017,4555,262,5662,4526
735,6:07:30,25.1,224,5922,4796,242,5750,4590,247,5781,4572
736,6:08:00,25.1,214,5847,4648,240,5884,4644,239,5631,4410
737,6:08:30,25.1,228,5823,4736,252,5804,4633,244,5616,4659
738,6:09:00,25.1,229,5857,4840,250,5952,4546,234,5752,4568
739,6:09:30,25.1,249,5873,4734,248,5864,4581,231,5594,4571
740,6:10:00,25.1,230,5915,4750,243,5907,4645,236,5599,4592
741,6:10:30,25.1,241,5852,4851,233,5757,4685,234,5622,4499
742,6:11:00,25.1,241,5674,4761,243,5868,4647,236,5821,4727
743,6:11:30,25.1,224,5845,4758,211,5785,4592,243,5549,4608
744,6:12:00,25.1,255,5791,4738,237,5826,4530,264,5678,4535
745,6:12:30,25.1,238,5928,4789,227,5861,4564,226,5744,4600
746,6:13:00,25,236,5773,4746,235,5788,4577,244,5696,4620
747,6:13:30,25.1,248,5828,4735,244,5860,4689,232,5571,4675
748,6:14:00,25.1,233,5765,4743,270,5824,4569,249,5643,4647
749,6:14:30,25.1,211,5854,4749,239,5931,4569,249,5639,4584
750,6:15:00,25.1,239,5786,4780,223,5786,4611,249,5659,4642
751,6:15:30,25.1,243,5925,4763,235,5855,4601,238,5590,4511
752,6:16:00,25.1,244,5849,4727,234,5763,4619,259,5579,4477
753,6:16:30,25.1,252,5912,4864,245,5837,4603,226,5695,4526
754,6:17:00,25.1,258,5861,4751,249,5842,4565,239,5672,4595
755,6:17:30,25.1,225,5850,4835,236,5782,4622,247,5723,4568
756,6:18:00,25.1,231,5805,4762,237,5840,4560,235,5637,4553
757,6:18:30,25.1,229,5767,4798,226,5880,4675,246,5738,4542
758,6:19:00,25.1,222,5914,4816,251,5856,4625,230,5615,4545
759,6:19:30,25.1,218,5825,4726,244,5926,4660,252,5664,4683
760,6:20:00,25.1,208,5913,4762,227,5869,4547,219,5678,4533
761,6:20:30,25.1,217,5892,4826,233,5771,4627,242,5697,4582
762,6:21:00,25.1,253,5739,4683,255,5931,4609,264,5606,4563
763,6:21:30,25.1,221,5830,4810,215,5811,4620,253,5616,4572
764,6:22:00,25.1,239,5770,4783,235,5838,4637,261,5619,4519
765,6:22:30,25.1,236,5822,4874,225,5799,4620,237,5711,4586
766,6:23:00,25.1,237,5832,4748,234,5942,4631,235,5751,4655
767,6:23:30,25.1,242,5805,4810,236,5837,4582,256,5537,4585
768,6:24:00,25.1,222,5786,4804,249,5824,4666,249,5708,4682
769,6:24:30,25.1,222,5781,4742,251,5839,4576,228,5611,4629
770,6:25:00,25.1,211,5768,4735,222,5796,4598,243,5600,4577
771,6:25:30,25.1,221,5685,4834,275,5721,4564,251,5659,4568
772,6:26:00,25.1,229,5884,4690,246,5784,4599,229,5617,4661
773,6:26:30,25.1,243,5852,4814,252,5886,4592,224,5590,4622
774,6:27:00,25.1,239,5845,4755,221,5808,4650,245,5564,4525
775,6:27:30,25.1,253,5945,4728,233,5786,4663,251,5733,4570
776,6:28:00,25.1,239,5740,4739,247,5829,4566,266,5580,4625
777,6:28:30,25.1,238,5781,4841,252,5819,4628,220,5682,4556
778,6:29:00,25.1,213,5823,4742,260,5845,4615,256,5582,4598
779,6:29:30,25.1,218,5867,4781,212,5852,4676,247,5557,4531
780,6:30:00,25.1,252,5782,4740,240,5743,4742,252,5659,4612
781,6:30:30,25.1,230,5833,4839,252,5753,4594,265,5589,4641
782,6:31:00,25.1,259,5788,4772,269,5765,4594,260,5677,4619
783,6:31:30,25.1,232,5836,4725,215,5866,4594,242,5559,4524
784,6:32:00,25.1,239,5719,4785,242,5964,4607,253,5754,4512
785,6:32:30,25.1,241,5822,4770,225,5899,4617,236,5621,4586
786,6:33:00,25.1,215,5796,4811,217,5858,4638,235,5603,4463
787,6:33:30,25.1,250,5805,4763,263,5947,4597,250,5635,4563
788,6:34:00,25.1,229,5785,4764,224,5775,4541,236,5679,4518
789,6:34:30,25.1,236,5743,4743,242,5849,4677,260,5580,4550
790,6:35:00,25.1,237,5872,4817,231,5954,4558,244,5732,4599
