,Time,"TÂ° triggered:563,592",K5,K6,K7,K8,K9,L5,L6,L7,L8,L9,M5,M6,M7,M8,M9
0,0:00:00,25.1,224,5783,5655,1828,448,234,5736,5725,1868,485,247,5525,5618,1784,523
1,0:00:30,25,230,5798,5660,1906,489,205,5782,5792,1920,533,233,5577,5717,1848,541
2,0:01:00,25.1,235,5851,5841,1972,511,240,5661,5967,2035,530,216,5648,5703,1979,552
3,0:01:30,25,227,5871,5734,2184,552,226,5813,5761,2046,582,223,5705,5719,1994,603
4,0:02:00,25,222,5853,5796,2138,578,249,5710,5831,2173,601,260,5680,5797,2101,628
5,0:02:30,25.1,242,5763,5706,2233,658,235,5635,5797,2158,668,230,5578,5661,2165,649
6,0:03:00,25,232,5820,5698,2276,684,238,5677,5730,2265,688,229,5604,5718,2225,659
7,0:03:30,25,234,5771,5749,2279,706,223,5617,5821,2270,707,224,5684,5758,2258,736
8,0:04:00,25,220,5976,5737,2385,730,225,5731,5894,2394,761,221,5671,5835,2353,766
9,0:04:30,25,258,5904,5906,2362,763,233,5749,5767,2392,763,232,5600,5755,2378,791
10,0:05:00,25.1,224,5833,5842,2482,797,228,5822,5839,2400,829,228,5659,5777,2449,826
11,0:05:30,25,241,5888,5798,2496,801,234,5723,5772,2489,884,243,5624,5694,2517,904
12,0:06:00,25,256,5919,5875,2564,868,246,5761,5882,2477,899,202,5697,5843,2512,862
13,0:06:30,25.1,241,5869,5733,2674,923,229,5799,5765,2612,876,222,5815,5751,2557,894
14,0:07:00,25,250,5877,5757,2703,909,230,5803,5737,2569,938,241,5686,5781,2560,986
15,0:07:30,25,241,5834,5768,2662,976,252,5751,5744,2659,1033,242,5706,5704,2592,1019
16,0:08:00,25.1,229,5773,5763,2632,1010,238,5760,5878,2635,1015,228,5674,5754,2587,1036
17,0:08:30,25,231,5964,5823,2678,1020,234,5831,5875,2646,1098,231,5644,5795,2651,1030
18,0:09:00,25,225,5794,5754,2792,1069,230,5721,5823,2786,1128,218,5724,5800,2732,1120
19,0:09:30,25,239,5865,5818,2741,1142,233,5747,5789,2835,1129,227,5739,5667,2678,1110
20,0:10:00,25,235,5888,5758,2882,1147,247,5751,5785,2836,1154,245,5529,5883,2735,1196
21,0:10:30,25,214,5892,5783,2851,1162,229,5803,5763,2857,1242,225,5764,5765,2789,1182
22,0:11:00,25.1,243,5803,5821,2828,1230,229,5685,5719,2965,1218,252,5659,5703,2844,1229
23,0:11:30,25.1,234,5884,5835,2932,1258,237,5800,5809,2863,1269,226,5665,5842,2915,1356
24,0:12:00,25.1,244,5806,5710,2854,1307,221,5776,5821,2935,1255,249,5689,5755,2906,1311
25,0:12:30,25.1,245,5924,5802,2943,1371,242,5812,5771,2956,1323,263,5623,5788,2871,1354
26,0:13:00,25.1,249,5902,5723,2994,1335,247,5934,5924,2908,1338,240,5757,5785,2936,1400
27,0:13:30,25.1,241,5887,5864,3066,1379,239,5832,5772,3013,1373,249,5768,5767,2959,1447
28,0:14:00,25.1,222,5828,5927,2979,1419,241,5731,5795,3094,1380,225,5746,5772,2994,1453
29,0:14:30,25.1,246,5906,5780,3090,1478,225,5798,5785,3018,1429,245,5723,5768,2990,1438
30,0:15:00,25.1,254,5856,5806,3112,1500,246,5742,5764,3014,1533,230,5706,5814,2993,1562
31,0:15:30,25.1,252,5873,5859,3078,1535,258,5828,5835,3220,1483,238,5644,5826,3106,1516
32,0:16:00,25.1,235,5914,5928,3090,1511,246,5732,5809,3106,1647,243,5700,5758,3072,1578
33,0:16:30,25.1,232,5822,5852,3199,1520,234,5753,5825,3122,1618,237,5679,5783,3185,1594
34,0:17:00,25.1,232,5965,5729,3132,1627,234,5741,5727,3170,1565,257,5757,5724,3075,1587
35,0:17:30,25.1,247,5977,5805,3215,1591,252,5675,5732,3160,1636,227,5710,5828,3110,1676
36,0:18:00,25.1,245,5877,5760,3179,1681,252,5840,5955,3234,1695,249,5664,5794,3061,1676
37,0:18:30,25.1,257,5893,5739,3165,1681,260,5787,5875,3195,1663,239,5619,5761,3235,1769
38,0:19:00,25.1,259,5885,5833,3226,1707,214,5773,5815,3322,1744,235,5684,5662,3149,1751
39,0:19:30,25.1,225,5931,5777,3274,1751,251,5771,5931,3173,1746,257,5652,5882,3198,1726
40,0:20:00,25.1,223,5814,5778,3292,1788,208,5791,5798,3282,1813,237,5772,5863,3277,1795
41,0:20:30,25.1,236,6011,5767,3256,1802,233,5900,5836,3301,1754,236,5741,5733,3201,1793
42,0:21:00,25.1,262,5812,5858,3285,1819,256,5743,5770,3394,1769,218,5786,5873,3204,1846
43,0:21:30,25.1,253,5947,5958,3289,1835,247,5815,5835,3363,1829,239,5632,5874,3294,1874
44,0:22:00,25.1,250,5896,5836,3366,1834,237,5769,5806,3275,1857,231,5721,5836,3228,1910
45,0:22:30,25.1,254,5924,5748,3358,1877,241,5877,5926,3371,1904,267,5714,5668,3294,1912
46,0:23:00,25.1,246,6011,5835,3446,1854,235,5791,5796,3324,1924,255,5593,5760,3319,1867
47,0:23:30,25.1,248,5894,5754,3323,1891,234,5875,5879,3416,1906,243,5700,5877,3406,1981
48,0:24:00,25.1,256,5891,5813,3429,1995,249,5903,5719,3355,1976,256,5790,5805,3383,1989
49,0:24:30,25.1,239,5889,5783,3419,1996,221,5768,5776,3420,1967,252,5685,5917,3352,1936
50,0:25:00,25.1,227,5974,5849,3355,1983,223,5762,5771,3430,2043,217,5723,5827,3404,1938
51,0:25:30,25.1,235,5871,5913,3447,1965,237,5867,5809,3470,2006,235,5668,5751,3453,2047
52,0:26:00,25.1,244,5914,5860,3516,2084,224,5765,5878,3463,2044,246,5778,5830,3366,2077
53,0:26:30,25.1,233,5932,5863,3467,2107,227,5764,5930,3406,2044,245,5734,5806,3307,2025
54,0:27:00,25.1,230,5936,5971,3411,2124,235,5737,5869,3474,2077,249,5762,5859,3428,2028
55,0:27:30,25.1,248,5981,5861,3451,2125,232,5843,5952,3415,2061,235,5798,5839,3426,2071
56,0:28:00,25.1,260,5950,5951,3476,2069,250,5832,5902,3469,2063,243,5800,5905,3427,2079
57,0:28:30,25.1,238,5905,5790,3455,2161,215,5781,5913,3438,2197,256,5760,5752,3445,2161
58,0:29:00,25.1,237,5914,5793,3480,2151,233,5800,5865,3519,2138,233,5700,5865,3443,2191
59,0:29:30,25.1,244,5919,5898,3570,2160,225,5803,5826,3490,2230,224,5669,5835,3458,2165
60,0:30:00,25.1,256,5948,5861,3500,2191,248,5875,5878,3595,2184,236,5645,5812,3515,2181
61,0:30:30,25.1,255,5886,5844,3503,2192,244,5699,5833,3634,2243,227,5715,5840,3452,2165
62,0:31:00,25.1,259,6024,5903,3642,2127,263,5839,5802,3512,2183,233,5711,5868,3486,2177
63,0:31:30,25.1,218,5897,5948,3586,2230,242,5827,5873,3522,2206,207,5788,5829,3502,2258
64,0:32:00,25.1,247,5996,5793,3653,2298,253,5768,5869,3607,2217,245,5711,5856,3540,2231
65,0:32:30,25.1,234,5964,5910,3594,2272,240,5803,5815,3544,2288,249,5800,5771,3547,2263
66,0:33:00,25.1,252,5948,5890,3593,2286,236,5810,5853,3595,2247,257,5712,5676,3562,2324
67,0:33:30,25.1,227,5981,5885,3575,2244,248,5886,5836,3578,2251,250,5791,5862,3489,2237
68,0:34:00,25.1,230,5855,5880,3624,2341,229,5858,5808,3646,2301,241,5747,5843,3562,2322
69,0:34:30,25.1,258,5981,5874,3629,2313,241,5837,5886,3602,2317,251,5751,5887,3568,2294
70,0:35:00,25.1,254,5868,5841,3606,2353,260,5830,5740,3584,2392,254,5850,5925,3551,2358
71,0:35:30,25.1,233,6001,5912,3695,2379,255,5803,5945,3695,2408,238,5719,5881,3667,2334
72,0:36:00,25.1,236,5895,5812,3629,2363,224,5860,5945,3614,2369,248,5738,5844,3598,2384
73,0:36:30,25.2,235,5951,5880,3662,2331,216,5955,5959,3696,2333,250,5770,5757,3589,2388
74,0:37:00,25.2,247,5931,5792,3632,2402,234,5850,5988,3659,2416,226,5854,5935,3621,2393
75,0:37:30,25.1,237,6005,5913,3664,2444,239,5797,5922,3726,2367,244,5789,5786,3563,2321
76,0:38:00,25.2,246,5903,5798,3643,2426,238,5789,5823,3719,2446,229,5722,5815,3664,2359
77,0:38:30,25.2,231,5999,5971,3645,2429,237,5903,5803,3691,2470,230,5793,5807,3655,2460
78,0:39:00,25.2,233,5968,5868,3715,2448,236,5887,5842,3662,2451,238,5891,5862,3646,2429
79,0:39:30,25.2,250,5931,5755,3708,2395,223,5855,5955,3661,2469,245,5707,5893,3630,2488
80,0:40:00,25.2,228,5968,5923,3672,2434,247,5820,5905,3726,2495,242,5790,5755,3666,2452
81,0:40:30,25.2,247,6007,5866,3747,2388,243,5875,5950,3687,2488,245,5762,5879,3679,2431
82,0:41:00,25.2,254,5932,5890,3655,2435,235,5864,5886,3733,2444,255,5789,5787,3766,2435
83,0:41:30,25.1,233,5944,5876,3732,2482,253,5874,5937,3737,2492,237,5752,5849,3611,2484
84,0:42:00,25.2,225,5917,5858,3697,2475,227,5773,5936,3695,2509,206,5726,5869,3654,2478
85,0:42:30,25.1,234,5980,5864,3689,2523,250,5880,5853,3700,2555,246,5716,5808,3746,2529
86,0:43:00,25.1,219,5879,5909,3776,2585,236,5873,5883,3763,2560,245,5796,5895,3769,2527
87,0:43:30,25.1,264,5966,5938,3766,2523,239,5863,5751,3717,2521,241,5750,5726,3698,2478
88,0:44:00,25.1,259,5977,5856,3824,2569,237,5768,5868,3782,2584,232,5825,5981,3719,2555
89,0:44:30,25.1,261,5865,5934,3772,2618,218,5853,5970,3757,2601,228,5781,5823,3690,2626
90,0:45:00,25.1,226,5904,5899,3795,2584,262,5882,5846,3780,2584,237,5730,5806,3809,2517
91,0:45:30,25.1,227,5873,5830,3722,2583,241,5777,5853,3790,2595,242,5764,5842,3783,2525
92,0:46:00,25.1,231,5966,5863,3735,2615,221,5844,5973,3836,2597,226,5691,5803,3640,2524
93,0:46:30,25.1,254,5937,5819,3796,2525,226,5778,5867,3807,2680,241,5662,5787,3711,2556
94,0:47:00,25.1,229,5932,5964,3808,2605,246,5779,5823,3788,2636,239,5808,5800,3782,2623
95,0:47:30,25.1,231,6000,5810,3782,2654,225,5698,5897,3819,2625,250,5799,5851,3806,2636
96,0:48:00,25.1,249,6093,5896,3699,2665,234,5854,5857,3826,2709,228,5780,5810,3761,2689
97,0:48:30,25.1,249,6069,5919,3812,2646,229,5949,5913,3777,2632,236,5660,5792,3772,2632
98,0:49:00,25.1,234,5888,5987,3809,2690,223,5854,5825,3851,2698,244,5781,5788,3783,2639
99,0:49:30,25.1,224,5926,5712,3857,2648,243,5885,5779,3847,2771,237,5800,5790,3780,2621
100,0:50:00,25.1,234,5850,5798,3848,2703,231,5839,5848,3906,2744,233,5688,5839,3765,2665
101,0:50:30,25.1,226,5947,5906,3823,2714,236,5875,6008,3847,2730,232,5776,5854,3813,2660
102,0:51:00,25.1,241,6045,5821,3904,2733,252,5836,5812,3896,2790,253,5725,5902,3734,2669
103,0:51:30,25.2,236,5846,5842,3851,2638,236,5960,5840,3820,2657,227,5678,5895,3746,2644
104,0:52:00,25.1,247,5939,5892,3839,2741,238,5836,5963,3857,2657,238,5738,5835,3891,2658
105,0:52:30,25.1,249,5939,5965,3882,2718,246,5806,6002,3906,2708,248,5877,5853,3860,2735
106,0:53:00,25.1,235,5879,5877,3911,2857,254,5756,5938,3849,2756,244,5804,5764,3801,2703
107,0:53:30,25.1,256,5982,5818,3762,2786,245,5904,5876,3790,2732,236,5684,5876,3771,2690
108,0:54:00,25.1,260,5936,5924,3865,2788,237,5751,6011,3900,2735,253,5731,5755,3767,2739
109,0:54:30,25.1,271,5959,5854,3914,2778,238,5777,5895,3939,2799,236,5627,5975,3803,2734
110,0:55:00,25.1,240,5967,5900,3912,2793,245,5926,5865,3849,2777,250,5773,5978,3824,2772
111,0:55:30,25.1,256,6017,5859,3814,2746,246,5889,5854,3940,2843,221,5773,5831,3932,2812
112,0:56:00,25.1,236,6035,5927,3875,2807,240,5808,5799,3891,2816,241,5820,5818,3819,2725
113,0:56:30,25.1,252,5935,5803,3936,2850,242,5883,5863,3875,2892,247,5800,5820,3861,2832
114,0:57:00,25.1,250,6017,5962,3817,2880,257,5855,5786,3873,2824,234,5872,5799,3890,2773
115,0:57:30,25.1,256,6005,5912,4006,2861,227,5762,5875,3905,2788,222,5782,5868,3878,2804
116,0:58:00,25.1,244,5947,5973,3910,2793,244,5771,5893,3889,2808,223,5796,5796,3903,2843
117,0:58:30,25.1,248,5989,5866,3910,2799,250,5811,5997,3915,2852,247,5757,5836,3870,2763
118,0:59:00,25.1,259,6080,5864,3964,2958,242,6013,5947,3880,2850,251,5759,5756,3966,2777
119,0:59:30,25.1,239,5892,5852,3895,2854,229,5804,5852,3986,2827,226,5787,5881,3928,2804
120,1:00:00,25.1,246,5845,5883,3978,2800,246,5861,5928,3992,2921,275,5742,5811,3862,2822
121,1:00:30,25.1,235,5980,5895,3892,2866,241,5857,5856,3898,2932,252,5838,5805,3891,2818
122,1:01:00,25.1,242,5885,5876,3993,2897,250,5983,5939,3936,2871,254,5834,5793,4039,2809
123,1:01:30,25.1,229,6003,5919,3860,2952,243,5804,5946,4033,2890,225,5831,5852,3897,2808
124,1:02:00,25.1,254,5936,5938,3982,2892,236,5963,5803,3950,2971,247,5715,5921,3920,2856
125,1:02:30,25.1,229,6093,5851,3909,2925,231,5899,6002,3928,2864,236,5697,5734,3858,2947
126,1:03:00,25.1,234,5959,5951,3845,2979,243,5773,5855,3983,2861,266,5841,5850,3870,2868
127,1:03:30,25.1,252,5952,5874,4060,2898,243,5843,6004,3970,2981,226,5760,5789,3954,2850
128,1:04:00,25.1,244,6065,5875,3962,2923,256,5769,5972,3942,2920,251,5760,5894,3916,2947
129,1:04:30,25.1,268,6031,5803,4058,2961,240,5794,5892,3957,2950,254,5840,5815,4008,2954
130,1:05:00,25.1,236,5922,5918,3952,2989,244,5889,5849,4047,3046,229,5775,5833,3909,2895
131,1:05:30,25.1,261,5878,5888,3979,3052,225,5813,5834,4032,2914,233,5754,5979,3985,2881
132,1:06:00,25.1,264,5900,5940,3962,3016,247,5809,5908,3890,2942,242,5711,5806,3924,2964
133,1:06:30,25.1,240,5892,5900,4022,2963,249,5864,5956,3973,2945,230,5735,5756,3860,2834
134,1:07:00,25.1,222,5938,5868,4054,2967,230,5823,5812,4045,2910,231,5859,5970,3956,3008
135,1:07:30,25.1,229,6052,5910,4051,2985,271,5909,5972,4116,2983,241,5701,5872,3980,2947
136,1:08:00,25.1,226,6027,5871,3958,2962,261,5857,5873,3930,2980,234,5834,5799,3949,3015
137,1:08:30,25.1,251,6018,5893,4080,2941,244,5811,5953,4115,2982,250,5824,5910,3992,2867
138,1:09:00,25.1,238,5986,5964,4002,3061,231,5817,5970,4050,3095,253,5847,5886,3912,2936
139,1:09:30,25.1,246,6035,5834,3952,2998,254,5828,6097,3995,2913,234,5718,5773,3954,2948
140,1:10:00,25.1,255,6007,5916,3976,2991,248,5945,5894,3922,3081,250,5858,5939,4026,2967
141,1:10:30,25.1,239,6003,5954,4048,2989,257,5800,5901,4027,3019,254,5808,5913,3919,3033
142,1:11:00,25.1,244,5958,5915,4021,3053,248,5844,5946,4058,2960,256,5825,5763,4014,2991
143,1:11:30,25.1,239,6052,5781,4039,2939,268,5926,5940,4050,3095,237,5771,5937,3891,2978
144,1:12:00,25.1,246,6014,5827,4092,2963,248,5829,5989,4004,2995,249,5800,5850,3933,2999
145,1:12:30,25.1,250,6051,5859,4022,3026,245,5862,5939,3975,3001,245,5727,5998,3996,2999
146,1:13:00,25.1,229,6009,5913,4160,3029,252,5960,5966,4089,3034,210,5733,5853,4030,2984
147,1:13:30,25.1,242,5979,5918,4111,3056,230,5921,5829,4019,3065,237,5864,5960,3948,2967
148,1:14:00,25.1,244,5946,5848,4116,2949,260,5858,5907,4001,3008,224,5811,5932,4000,3026
149,1:14:30,25.1,238,5965,5893,4174,3032,250,5995,5973,4083,3088,215,5796,5902,3904,3101
150,1:15:00,25.1,229,6000,5828,4061,3113,248,5837,5922,4095,3014,234,5867,5853,4012,3019
151,1:15:30,25.1,248,5910,5917,4131,3079,247,5923,5917,4058,3065,240,5848,5779,3936,3060
152,1:16:00,25.1,252,6074,5777,3984,3044,262,5860,5883,4023,3096,242,5818,5876,3916,2976
153,1:16:30,25.1,223,5941,5875,4024,3123,248,5908,5889,4080,3049,237,5788,5910,3965,3061
154,1:17:00,25.1,245,5997,6018,4110,3065,247,5821,5848,4049,3104,228,5746,5900,4124,3076
155,1:17:30,25.1,265,6052,5878,4063,3081,243,5902,5983,4014,3085,238,5829,5827,4061,3093
156,1:18:00,25.1,238,5937,5873,4059,3093,219,5765,5870,4106,3181,225,5764,5811,4038,3071
157,1:18:30,25.1,247,5982,5815,4010,3092,243,5877,5937,4055,3137,249,5740,5883,4043,3075
158,1:19:00,25.1,253,5998,5999,4143,3208,237,5802,5942,4117,3123,245,5749,5804,4113,3083
159,1:19:30,25.1,249,6034,5893,4033,3145,243,5869,5953,4100,3114,215,5829,5893,4032,3101
160,1:20:00,25.1,241,6057,5791,4090,3105,245,5879,5895,4155,3167,273,5772,5774,4032,3114
161,1:20:30,25.1,219,6138,6016,4088,3128,236,5859,6085,4123,3059,263,5754,5845,4062,3081
162,1:21:00,25.1,252,6039,6008,4076,3172,239,5856,5836,4148,3150,232,5894,5889,4143,3099
163,1:21:30,25.1,237,6034,5831,4097,3210,242,5923,5930,4189,3084,253,5804,5922,4054,3043
164,1:22:00,25.1,269,5907,5879,4040,3158,240,5857,5982,3994,3197,235,5835,5766,4093,3018
165,1:22:30,25.1,273,6125,5914,4094,3190,229,5920,5940,4097,3151,236,5803,5842,4029,3118
166,1:23:00,25.1,254,6036,5905,4120,3077,223,5887,5888,4145,3211,225,5919,5913,4120,3160
167,1:23:30,25.1,239,5950,5803,4176,3282,263,5940,6045,4046,3179,229,5851,5831,4014,3141
168,1:24:00,25.1,251,5975,5935,4152,3131,243,5877,5954,4115,3190,231,5892,6019,4009,3137
169,1:24:30,25.1,250,5917,6021,4131,3198,241,5894,5990,4098,3206,250,5758,5935,4143,3144
170,1:25:00,25.1,247,5952,5984,4071,3163,252,5916,5934,4121,3202,222,5750,5953,4053,3127
171,1:25:30,25.1,213,6072,5915,4148,3163,240,5862,5937,4100,3269,248,5776,5950,4053,3175
172,1:26:00,25.1,238,6074,5865,4137,3184,248,5935,5940,4122,3152,231,5885,6026,4084,3131
173,1:26:30,25.1,229,6008,5813,4255,3224,246,5919,5937,4151,3165,219,5771,5823,4046,3163
174,1:27:00,25.1,248,5933,5859,4045,3251,239,6059,5994,4138,3261,240,5760,5959,4202,3231
175,1:27:30,25.1,239,5950,5942,4250,3217,248,5912,5914,4045,3188,251,5825,5878,4119,3146
176,1:28:00,25.1,258,6187,5868,4109,3209,242,5969,5895,4097,3235,246,5790,5835,4012,3164
177,1:28:30,25.1,253,6039,5905,4132,3180,230,5898,5951,4205,3222,246,5835,5852,4041,3117
178,1:29:00,25.1,259,5981,5863,4192,3230,234,5862,5920,4120,3173,229,5841,5898,4083,3149
179,1:29:30,25.1,240,5960,5833,4198,3172,257,5885,5918,4061,3221,250,5829,5824,4064,3168
180,1:30:00,25.1,262,6049,5843,4163,3282,262,5935,5987,4216,3235,221,5722,5828,4047,3240
181,1:30:30,25.1,238,5973,5880,4201,3286,240,5981,5942,4190,3255,250,5693,6014,4088,3250
182,1:31:00,25.1,248,5996,6043,4190,3209,251,5924,6077,4080,3299,242,5839,5855,4098,3181
183,1:31:30,25.1,248,6000,5969,4238,3266,261,5889,6039,4031,3261,239,5707,5867,4170,3197
184,1:32:00,25.1,259,6105,5996,4180,3211,244,5950,5966,4224,3300,237,5901,5874,4161,3278
185,1:32:30,25.1,240,5958,5882,4108,3252,247,5894,5954,4213,3260,251,5857,5933,4152,3177
186,1:33:00,25.1,262,6005,5952,4165,3286,240,5858,6029,4192,3279,260,5766,5779,4101,3187
187,1:33:30,25.1,245,6060,5964,4143,3307,246,5888,6008,4196,3259,249,5872,5789,4128,3207
188,1:34:00,25,258,6027,5830,4187,3320,215,5901,5897,4206,3315,245,5854,5929,4153,3221
189,1:34:30,25.1,249,5886,6008,4136,3236,235,5854,5946,4188,3262,255,5830,6024,4093,3225
190,1:35:00,25.1,249,6019,5981,4150,3250,232,5925,6028,4204,3341,242,5886,6013,4163,3229
191,1:35:30,25.1,251,5958,5979,4199,3225,222,5885,6030,4247,3323,242,5871,5988,4098,3213
192,1:36:00,25.1,234,6075,5842,4070,3325,252,5820,5917,4261,3368,245,5847,5905,4226,3218
193,1:36:30,25.1,235,5999,5850,4215,3240,234,5835,5962,4257,3301,254,5797,5954,4075,3198
194,1:37:00,25.1,262,6017,5935,4116,3301,247,5890,6053,4253,3247,260,5878,5945,4132,3239
195,1:37:30,25,245,5990,5962,4218,3302,228,5953,6074,4249,3295,249,5800,5785,4127,3256
196,1:38:00,25.1,239,5940,5958,4191,3284,234,5920,6023,4197,3408,253,5710,5854,4157,3274
197,1:38:30,25,256,5952,5886,4211,3281,245,5843,6047,4230,3371,226,5790,5901,4162,3213
198,1:39:00,25.1,221,5982,5960,4250,3292,218,5975,5893,4185,3355,241,5960,5891,4115,3288
199,1:39:30,25.1,257,6029,5886,4134,3283,263,5859,6020,4124,3413,250,5965,6005,4118,3276
200,1:40:00,25.1,257,5950,5978,4248,3356,227,5868,5982,4237,3399,235,5785,5967,4133,3266
201,1:40:30,25.1,251,6020,5830,4240,3316,254,5907,5981,4162,3358,243,5852,5985,4194,3263
202,1:41:00,25.1,248,5976,5844,4352,3311,236,5856,5900,4241,3298,261,5853,5885,4055,3307
203,1:41:30,25.1,251,5936,5839,4271,3340,233,6015,5929,4169,3316,236,5807,5868,4123,3215
204,1:42:00,25,232,6058,5903,4178,3255,222,5873,5978,4155,3411,239,5821,5932,4176,3315
205,1:42:30,25.1,261,6062,6049,4223,3320,232,5941,5957,4209,3379,234,5966,5900,4204,3361
206,1:43:00,25.1,234,6038,5921,4191,3322,241,5874,6016,4162,3280,241,5801,5902,4157,3416
207,1:43:30,25.1,267,5920,5872,4301,3341,229,5819,6023,4295,3301,261,5769,5965,4184,3296
208,1:44:00,25.1,242,6003,5905,4215,3394,261,5948,6024,4248,3341,240,5809,5906,4235,3329
209,1:44:30,25.1,263,5990,5918,4295,3341,256,5945,5901,4290,3307,266,5899,5985,4219,3310
210,1:45:00,25.1,231,6040,5972,4181,3356,251,5954,5916,4221,3379,227,5752,5822,4108,3324
211,1:45:30,25.1,251,6002,5960,4216,3338,220,5850,6029,4224,3318,243,5941,5888,4167,3303
212,1:46:00,25.1,234,6014,5998,4159,3423,249,5869,5989,4271,3361,224,5994,5873,4178,3324
213,1:46:30,25,233,6077,5984,4193,3369,236,5904,5890,4216,3363,243,5913,5871,4150,3317
214,1:47:00,25.1,234,5976,5960,4148,3376,250,6018,6010,4331,3383,271,5888,5910,4189,3326
215,1:47:30,25,217,6009,6009,4255,3430,239,5895,5951,4284,3436,252,5828,5931,4151,3244
216,1:48:00,25.1,244,5993,5894,4144,3361,265,5933,6025,4338,3427,246,5825,5970,4149,3356
217,1:48:30,25,231,6057,6046,4192,3391,251,5963,5975,4293,3430,238,5799,5937,4185,3330
218,1:49:00,25.1,227,6135,5921,4205,3443,248,5934,5917,4236,3424,248,5728,5856,4159,3431
219,1:49:30,25.1,250,6100,5974,4278,3391,238,5966,6028,4226,3431,244,5795,5944,4127,3277
220,1:50:00,25.1,226,6098,6002,4250,3307,249,5935,5942,4324,3441,238,5790,5874,4221,3377
221,1:50:30,25.1,245,6114,5988,4187,3372,246,5985,5955,4268,3427,230,5937,5927,4204,3309
222,1:51:00,25,244,6093,5890,4209,3374,230,5872,5973,4280,3433,248,5866,5850,4224,3366
223,1:51:30,25.1,264,5967,5977,4249,3457,233,5949,6043,4281,3530,227,5856,5871,4210,3495
224,1:52:00,25.1,264,6018,5901,4264,3340,243,5970,5959,4351,3373,236,5939,5855,4204,3349
225,1:52:30,25,253,5957,6008,4259,3386,227,5871,6036,4366,3444,232,5817,5871,4163,3290
226,1:53:00,25.1,235,6042,5889,4237,3428,236,6107,6030,4186,3462,242,5924,5910,4238,3344
227,1:53:30,25.1,243,6064,5940,4305,3439,263,5918,5926,4329,3380,248,5767,5892,4181,3351
228,1:54:00,25.1,246,6009,6004,4190,3494,253,6111,5892,4348,3484,248,5829,5872,4309,3358
229,1:54:30,25,266,5903,5935,4231,3459,231,5933,5923,4310,3425,238,5797,5860,4210,3380
230,1:55:00,25.1,247,6050,5974,4217,3441,244,5927,5908,4246,3444,246,5878,5944,4213,3439
231,1:55:30,25,250,5936,5877,4217,3466,249,5899,5951,4247,3471,246,5924,5926,4339,3435
232,1:56:00,25.1,250,6012,5905,4300,3433,261,5860,5890,4253,3428,228,5976,5873,4231,3443
233,1:56:30,25.1,260,6053,5872,4307,3496,253,5937,5949,4323,3468,239,5947,5918,4162,3508
234,1:57:00,25,249,6135,5966,4373,3399,240,5986,6086,4315,3444,250,5868,5953,4302,3419
235,1:57:30,25,254,6037,6012,4258,3456,230,5953,6007,4325,3546,251,5812,5943,4207,3434
236,1:58:00,25,252,6135,6019,4282,3472,217,5891,5810,4301,3378,218,5877,5809,4194,3383
237,1:58:30,25,254,6121,5975,4276,3477,236,5895,5990,4299,3431,247,5811,5974,4244,3435
238,1:59:00,25,229,6006,5862,4313,3460,232,5895,5990,4345,3447,240,5698,5886,4182,3442
239,1:59:30,25,244,6132,5941,4269,3480,230,5913,5878,4324,3494,236,5959,5905,4226,3352
240,2:00:00,25,240,6028,5880,4333,3446,227,5801,5978,4389,3546,250,5823,5811,4287,3418
241,2:00:30,25,255,6070,5904,4307,3501,250,5964,5935,4387,3429,276,5880,5884,4266,3404
242,2:01:00,25,266,5998,5922,4305,3517,229,5979,6047,4390,3524,227,5838,5880,4249,3454
243,2:01:30,25,245,6018,6037,4259,3465,239,5954,5960,4305,3577,263,5960,6023,4224,3452
244,2:02:00,25,273,5978,5890,4286,3465,249,5853,6039,4347,3475,256,5819,5887,4260,3421
245,2:02:30,25,251,6103,5764,4253,3517,230,5908,5980,4258,3462,247,5874,5870,4227,3422
246,2:03:00,25,237,5989,6035,4335,3467,236,5914,5948,4357,3509,251,5812,5954,4227,3407
247,2:03:30,25,243,6043,5998,4327,3573,263,5930,6066,4328,3526,243,5801,5892,4237,3368
248,2:04:00,25,232,6024,5934,4303,3498,226,5917,5970,4242,3531,207,5886,5924,4316,3421
249,2:04:30,25,234,6070,5910,4218,3506,239,5903,5969,4278,3528,235,5938,5920,4244,3533
250,2:05:00,25,245,6102,6002,4353,3561,269,5964,5980,4390,3480,214,5852,5945,4277,3439
251,2:05:30,25,246,5951,5958,4413,3420,250,5834,5902,4362,3621,237,5794,5989,4265,3459
252,2:06:00,25,264,6095,5929,4306,3493,280,6037,5954,4383,3506,235,5893,5879,4240,3470
253,2:06:30,25,232,6011,5992,4348,3506,227,5837,5950,4330,3542,242,5820,5999,4231,3424
254,2:07:00,25,249,6085,5996,4310,3521,263,5919,5947,4378,3602,231,5863,5884,4275,3456
255,2:07:30,25,252,6103,5906,4410,3557,233,5902,5886,4278,3633,238,5729,5998,4330,3448
256,2:08:00,25,251,5865,6002,4394,3501,262,5903,5949,4351,3557,229,5814,5820,4223,3470
257,2:08:30,25,264,5937,5952,4265,3492,238,5955,6014,4417,3529,248,5839,5832,4271,3455
258,2:09:00,25,248,6003,6061,4305,3451,234,5947,5992,4349,3534,276,5841,6057,4288,3487
259,2:09:30,25,242,6043,6026,4374,3530,242,6012,6065,4227,3513,246,5860,5982,4239,3482
260,2:10:00,25,249,6030,5915,4335,3521,258,5850,6012,4321,3549,253,5810,5854,4288,3526
261,2:10:30,25,280,6157,5983,4377,3509,248,5932,5931,4265,3575,253,5818,5849,4355,3512
262,2:11:00,25,255,6132,5924,4300,3603,234,5982,5892,4411,3498,228,5949,5863,4216,3491
263,2:11:30,25,239,6064,5956,4281,3576,241,5935,6030,4350,3636,240,5763,5939,4290,3414
264,2:12:00,25,236,6028,5965,4308,3585,236,5918,5939,4429,3566,219,5827,5878,4339,3572
265,2:12:30,25,242,5978,5995,4466,3642,273,5945,5990,4349,3559,253,5881,5943,4293,3503
266,2:13:00,25,230,6039,5987,4296,3580,240,5951,5875,4404,3617,225,5822,5833,4413,3482
267,2:13:30,25,255,6036,5990,4330,3622,243,5971,6031,4404,3618,234,5790,5891,4314,3529
268,2:14:00,25,245,6076,6047,4317,3606,234,5940,5967,4433,3595,249,5875,5893,4297,3486
269,2:14:30,25,269,6110,5880,4307,3514,211,6029,5956,4307,3540,246,5976,5933,4290,3498
270,2:15:00,25,253,6081,6059,4418,3579,244,5975,5955,4439,3665,235,5814,5952,4289,3571
271,2:15:30,25,244,6104,6039,4344,3555,237,5949,5962,4341,3560,233,5884,5938,4320,3558
272,2:16:00,25,242,6087,6067,4394,3581,246,5965,5986,4359,3574,242,5814,5935,4291,3552
273,2:16:30,25,239,6118,5992,4349,3552,250,5881,6080,4396,3530,253,5872,5887,4332,3536
274,2:17:00,25,239,6041,6086,4393,3516,231,5867,5993,4381,3541,252,5823,5818,4315,3561
275,2:17:30,25,268,6123,5899,4423,3592,261,6001,6145,4333,3649,231,5901,5933,4244,3512
276,2:18:00,25,247,6039,5862,4386,3539,219,5851,5958,4338,3632,228,5890,5885,4349,3544
277,2:18:30,25,269,6083,5913,4385,3671,236,5902,5994,4404,3583,260,5784,5762,4280,3502
278,2:19:00,25,259,6064,6074,4275,3668,246,5833,5952,4354,3599,271,5763,5855,4343,3583
279,2:19:30,25,240,5995,6010,4393,3570,257,5835,5992,4461,3661,220,5910,5928,4367,3593
280,2:20:00,25,254,6136,5979,4374,3593,243,5992,5944,4468,3589,236,5863,5951,4280,3497
281,2:20:30,25,236,6068,5866,4442,3562,254,5961,6033,4344,3605,253,5906,6010,4343,3664
282,2:21:00,25,264,6073,6072,4397,3631,226,6002,5983,4482,3674,240,5903,5926,4351,3556
283,2:21:30,25,246,6084,6011,4446,3521,251,5939,6110,4455,3618,250,5818,5934,4255,3556
284,2:22:00,25,229,6100,6023,4489,3583,241,5922,5932,4517,3661,234,5948,5814,4340,3539
285,2:22:30,25,244,6105,5994,4325,3564,250,5945,5934,4381,3636,251,5798,5991,4312,3650
286,2:23:00,25,246,5958,5959,4385,3648,242,5901,5991,4430,3571,253,5900,5993,4333,3599
287,2:23:30,25,241,6143,5951,4415,3602,249,6030,5930,4354,3592,231,5723,5920,4315,3511
288,2:24:00,25,232,6105,6055,4463,3562,252,5975,6037,4436,3675,235,5832,5895,4417,3620
289,2:24:30,25,234,6060,6036,4381,3619,232,5992,5974,4370,3604,243,5900,6006,4341,3519
290,2:25:00,25,233,6041,5966,4442,3614,268,5999,6035,4368,3621,263,5918,5928,4283,3505
291,2:25:30,25,239,6048,5953,4429,3630,247,5883,6056,4422,3655,224,5946,5965,4405,3657
292,2:26:00,25,238,6057,5892,4420,3605,249,6000,5953,4388,3634,245,5817,5980,4401,3563
293,2:26:30,25,232,6040,6003,4408,3663,248,5971,6113,4370,3590,234,5804,5834,4374,3575
294,2:27:00,25,234,6058,5928,4404,3610,246,6003,6075,4483,3665,222,5786,5919,4449,3691
295,2:27:30,25,251,6155,5926,4408,3713,243,5988,6058,4391,3655,232,5856,5901,4346,3573
296,2:28:00,25,254,6042,6042,4408,3668,256,5940,5931,4495,3565,219,5913,5910,4380,3558
297,2:28:30,25,270,6111,5950,4493,3585,244,5932,5949,4412,3639,236,5946,5939,4344,3558
298,2:29:00,25,260,6086,5885,4539,3636,224,5904,6035,4423,3735,257,5778,5870,4260,3544
299,2:29:30,25,236,6068,5926,4430,3669,264,5984,6108,4525,3632,230,5881,5987,4416,3582
300,2:30:00,25,264,6054,6032,4458,3686,242,6004,5948,4388,3675,237,5921,6000,4340,3569
301,2:30:30,25,216,6076,6007,4412,3639,237,5908,6062,4409,3746,230,5766,5993,4422,3690
302,2:31:00,25,251,6097,6000,4435,3660,249,5963,6028,4395,3646,253,5869,5910,4329,3552
303,2:31:30,25,236,6092,5976,4484,3665,250,5776,5919,4410,3669,240,5875,5939,4319,3669
304,2:32:00,25,255,6000,5972,4411,3660,243,6041,6082,4456,3561,275,5866,6012,4308,3585
305,2:32:30,25,238,6093,5965,4443,3720,246,5986,5982,4448,3670,242,5916,5830,4375,3601
306,2:33:00,25,262,6084,6014,4410,3649,255,5910,5936,4341,3654,251,5958,6009,4451,3626
307,2:33:30,25,248,6064,5934,4443,3623,263,6009,6052,4422,3599,242,5848,6021,4359,3539
308,2:34:00,25,262,6000,6067,4444,3682,256,5869,5962,4379,3624,239,5861,5879,4351,3592
309,2:34:30,25,244,6022,6018,4437,3669,236,5947,5919,4427,3703,235,5855,5881,4404,3567
310,2:35:00,25,239,6111,6000,4322,3644,261,5983,6039,4381,3599,239,5907,5892,4353,3550
311,2:35:30,25,253,5926,5981,4499,3646,244,6008,5913,4427,3704,237,5859,5937,4397,3648
312,2:36:00,25,257,6024,5905,4395,3714,234,6016,5962,4505,3791,253,5864,5828,4428,3635
313,2:36:30,25,241,5956,6008,4397,3631,224,5980,6059,4395,3685,229,5887,5850,4398,3643
314,2:37:00,25.1,268,6086,6014,4449,3705,232,5951,6086,4461,3735,221,5918,5949,4310,3621
315,2:37:30,25.1,244,6151,6034,4452,3713,231,5947,6037,4455,3720,241,5881,5894,4411,3626
316,2:38:00,25.1,218,6002,5977,4577,3675,258,6033,6065,4595,3558,258,5898,5851,4377,3744
317,2:38:30,25.1,249,6027,5992,4574,3708,234,6035,6089,4434,3657,240,5855,5881,4323,3597
318,2:39:00,25.1,254,5975,5919,4391,3681,226,5930,6033,4430,3659,247,5795,5959,4344,3614
319,2:39:30,25.1,268,6012,6022,4448,3679,246,5959,6018,4382,3721,257,5884,5964,4430,3606
320,2:40:00,25.1,255,6059,5999,4443,3706,227,5957,5904,4444,3721,248,5763,5892,4391,3602
321,2:40:30,25.1,260,6067,6019,4387,3805,237,6025,5974,4431,3696,237,5841,5985,4381,3628
322,2:41:00,25.1,249,6039,6020,4507,3773,241,5963,5952,4435,3624,245,5866,5909,4371,3712
323,2:41:30,25.1,237,5994,5897,4493,3661,250,5961,6007,4500,3698,248,5778,5921,4382,3682
324,2:42:00,25.1,241,6073,5924,4393,3689,242,5987,6013,4439,3715,249,5897,5913,4369,3656
325,2:42:30,25.1,258,6041,5894,4475,3740,228,5960,5974,4502,3754,256,5937,5936,4411,3632
326,2:43:00,25.1,231,6089,5906,4569,3744,223,5904,5985,4489,3703,251,5992,6076,4340,3617
327,2:43:30,25.1,250,6074,6007,4451,3736,240,5977,5953,4432,3738,237,5819,5988,4438,3721
328,2:44:00,25.1,264,6105,6001,4437,3762,228,5999,6018,4438,3773,234,5832,5968,4357,3625
329,2:44:30,25.1,238,6029,6036,4437,3744,241,5824,5908,4414,3727,234,5814,5972,4390,3661
330,2:45:00,25.1,253,6114,5990,4492,3719,232,6019,5933,4519,3798,244,5714,5978,4387,3644
331,2:45:30,25.1,219,6131,5922,4465,3688,273,5967,5882,4402,3795,237,5914,5990,4437,3666
332,2:46:00,25.1,251,6144,5916,4453,3661,251,5914,5986,4447,3692,245,5940,6049,4376,3694
333,2:46:30,25.1,255,6154,6088,4508,3748,260,5973,6152,4510,3748,225,5791,5979,4458,3719
334,2:47:00,25.1,256,6179,6026,4552,3743,242,5878,5966,4496,3817,236,5839,5841,4394,3642
335,2:47:30,25.1,247,6119,5902,4529,3690,234,5920,5937,4474,3788,248,5846,5896,4380,3709
336,2:48:00,25.1,244,6061,5919,4439,3780,223,6019,6179,4486,3695,224,5906,5906,4469,3689
337,2:48:30,25.1,258,6086,5841,4504,3759,225,6032,6024,4464,3646,239,5916,5974,4369,3567
338,2:49:00,25.1,253,5990,5955,4515,3769,250,5888,5959,4415,3796,217,5854,5939,4402,3643
339,2:49:30,25.1,240,5931,5935,4482,3751,241,6183,6031,4510,3720,226,5806,5970,4353,3736
340,2:50:00,25.1,262,6001,5949,4432,3753,262,6034,6020,4479,3796,255,5801,5991,4463,3634
341,2:50:30,25.1,243,6009,5882,4459,3746,254,5944,5948,4475,3731,246,5790,5999,4417,3831
342,2:51:00,25.1,242,6146,5960,4469,3700,240,5934,6027,4435,3817,245,5834,5907,4412,3678
343,2:51:30,25.1,246,6045,5955,4514,3783,232,5969,5874,4546,3764,222,5989,6017,4468,3647
344,2:52:00,25.1,242,6128,5918,4508,3691,250,5998,6033,4489,3711,249,5730,5961,4415,3697
345,2:52:30,25.1,246,5955,5904,4431,3726,234,5937,5972,4445,3656,239,5895,5818,4327,3719
346,2:53:00,25.1,271,6051,5910,4473,3738,258,5904,5958,4488,3760,224,5852,5854,4383,3675
347,2:53:30,25.1,238,6048,5997,4435,3755,248,5939,6107,4581,3780,225,5925,6013,4500,3739
348,2:54:00,25.1,247,5910,5899,4519,3757,228,6002,5926,4478,3755,229,5851,5922,4439,3616
349,2:54:30,25.1,245,6078,5968,4426,3760,263,5952,5893,4497,3705,235,5872,6084,4375,3659
350,2:55:00,25.1,250,6177,5957,4463,3746,234,5963,5946,4508,3676,233,5905,5985,4363,3691
351,2:55:30,25.1,246,6063,6065,4415,3708,253,5943,5990,4483,3839,249,5840,5910,4449,3599
352,2:56:00,25.1,240,6064,6083,4524,3749,240,5947,5971,4406,3812,229,5836,5863,4416,3771
353,2:56:30,25.1,258,6084,5840,4536,3770,256,5995,6104,4385,3783,259,5858,5989,4481,3695
354,2:57:00,25.1,263,6057,5931,4466,3712,235,5862,6000,4406,3751,230,5963,5909,4381,3706
355,2:57:30,25.1,259,6096,6036,4421,3705,251,5945,6044,4455,3802,246,5964,5889,4369,3593
356,2:58:00,25.1,256,6089,5991,4452,3669,280,5955,5975,4411,3777,216,5768,5995,4423,3740
357,2:58:30,25.1,262,6077,5871,4409,3730,256,5932,6019,4577,3816,247,5821,5931,4346,3659
358,2:59:00,25.1,265,6133,5909,4537,3822,227,5969,5966,4405,3783,230,5792,6013,4369,3631
359,2:59:30,25.1,242,6092,5957,4466,3754,266,5947,6019,4469,3888,243,5783,5934,4390,3712
360,3:00:00,25.1,232,6007,5895,4560,3830,240,5976,6006,4441,3796,224,5850,5872,4460,3637
361,3:00:30,25.1,261,6097,5978,4557,3839,248,5979,6017,4420,3808,242,5750,6006,4473,3668
362,3:01:00,25.1,248,6051,5905,4487,3748,247,5887,5976,4521,3799,223,5863,5994,4375,3702
363,3:01:30,25.1,263,5991,5986,4478,3834,249,5976,6024,4500,3791,234,5838,5932,4480,3821
364,3:02:00,25.1,256,5937,5917,4530,3780,224,5900,5968,4609,3764,253,5806,5944,4406,3835
365,3:02:30,25.1,251,6058,5971,4427,3701,232,5841,5840,4516,3867,243,5892,5981,4459,3739
366,3:03:00,25.1,266,6073,5907,4523,3761,225,5919,6083,4458,3743,232,5877,5927,4479,3775
367,3:03:30,25.2,256,6103,5883,4513,3713,239,5911,5957,4411,3802,238,5756,5784,4416,3729
368,3:04:00,25.2,274,6028,5923,4484,3684,239,5888,6085,4521,3867,224,5849,6025,4380,3705
369,3:04:30,25.2,269,5993,5984,4440,3863,245,5817,5972,4530,3698,233,5816,6026,4479,3660
370,3:05:00,25.2,238,6114,5976,4517,3770,237,5956,5920,4469,3799,228,5869,5994,4490,3783
371,3:05:30,25.2,230,5913,5999,4445,3775,258,5884,5952,4463,3749,249,5804,5921,4388,3753
372,3:06:00,25.2,271,6028,5950,4430,3855,251,5884,5932,4515,3840,240,5807,5949,4489,3802
373,3:06:30,25.2,231,6099,5989,4512,3765,232,5957,5994,4563,3761,243,5830,5978,4441,3681
374,3:07:00,25.1,236,6023,5832,4427,3860,239,5811,6009,4445,3859,237,5828,5918,4393,3734
375,3:07:30,25.2,247,6069,6030,4523,3829,253,5995,6013,4497,3831,225,5927,5951,4390,3689
376,3:08:00,25.1,248,6102,6014,4554,3795,242,5913,5988,4602,3731,260,5882,5955,4451,3798
377,3:08:30,25.1,243,6019,6026,4467,3845,233,5973,5890,4460,3872,227,5877,5886,4428,3779
378,3:09:00,25.1,248,6040,5947,4592,3756,249,5832,6009,4466,3861,266,5831,5852,4530,3683
379,3:09:30,25.1,231,6023,5841,4607,3804,252,5949,5964,4449,3792,274,5843,5810,4422,3797
380,3:10:00,25.1,258,6026,5933,4488,3721,240,5870,5965,4483,3740,246,5916,5911,4385,3776
381,3:10:30,25.1,250,5974,5951,4468,3861,247,5910,5944,4542,3829,242,5799,5920,4457,3742
382,3:11:00,25.1,252,5983,5903,4508,3846,226,5809,5979,4471,3829,248,5928,5975,4466,3833
383,3:11:30,25.1,235,6043,5993,4404,3887,271,5933,5997,4530,3794,263,5929,5804,4470,3757
384,3:12:00,25.1,244,6030,5851,4514,3889,242,5919,6011,4429,3809,246,5787,6023,4500,3708
385,3:12:30,25.1,246,6043,5884,4448,3823,223,5954,5992,4508,3842,220,5906,5926,4346,3696
386,3:13:00,25.1,257,6124,5895,4475,3778,242,5954,5833,4563,3838,262,5781,5960,4522,3698
387,3:13:30,25.1,245,6148,5978,4483,3877,236,5884,5864,4529,3856,224,5781,5935,4446,3750
388,3:14:00,25.1,247,6015,6007,4542,3823,265,5875,5864,4507,3813,258,5908,5985,4393,3776
389,3:14:30,25.1,249,5964,5962,4514,3808,255,6018,5913,4507,3792,247,5852,6043,4431,3724
390,3:15:00,25.1,238,6020,5942,4368,3831,268,5859,6016,4432,3826,258,5822,5892,4494,3722
391,3:15:30,25.1,236,6016,5878,4621,3879,252,5849,6035,4520,3920,246,5792,5933,4420,3812
392,3:16:00,25.1,232,6045,6028,4589,3865,232,5930,5906,4598,3781,260,5850,5874,4499,3833
393,3:16:30,25.1,256,5941,5822,4539,3777,251,5964,5928,4487,3913,214,5881,5974,4340,3783
394,3:17:00,25.1,243,6116,5976,4496,3823,259,5911,6019,4551,3789,249,5848,5871,4434,3795
395,3:17:30,25.1,261,6003,5955,4533,3861,259,5802,5939,4456,3859,238,5739,5787,4471,3783
396,3:18:00,25.1,240,6005,6064,4511,3783,246,5906,5933,4497,3998,226,5781,5842,4466,3725
397,3:18:30,25.1,242,6103,5967,4498,3792,234,5940,5941,4545,3855,249,5803,5901,4477,3811
398,3:19:00,25.1,230,6004,6019,4506,3846,247,5910,6026,4543,3892,237,5758,6020,4459,3729
399,3:19:30,25.1,240,6080,5920,4458,3891,237,5852,6082,4412,3780,238,5777,5957,4446,3735
400,3:20:00,25.1,245,6077,5941,4566,3841,237,6011,5975,4433,3861,256,5870,5844,4488,3760
401,3:20:30,25.1,252,6040,6005,4547,3813,244,6029,5980,4462,3750,224,5791,5791,4464,3731
402,3:21:00,25.1,243,5984,6000,4514,3796,264,5952,5842,4516,3910,224,5984,5914,4456,3702
403,3:21:30,25.1,229,6226,5978,4441,3814,236,5979,5980,4489,3883,253,5841,5901,4471,3788
404,3:22:00,25.1,254,6032,5873,4454,3829,218,5963,5926,4621,3896,248,5879,6019,4426,3757
405,3:22:30,25.1,266,6026,5888,4508,3766,242,5900,5966,4482,3751,241,5878,5951,4516,3758
406,3:23:00,25.1,229,5944,5925,4480,3862,268,5834,6056,4493,3873,249,5723,5942,4451,3740
407,3:23:30,25.1,245,6101,5962,4645,3903,240,5996,5937,4430,3868,262,5866,6005,4476,3851
408,3:24:00,25.1,245,6118,5852,4544,3868,256,5914,5877,4547,3825,236,5842,5882,4402,3788
409,3:24:30,25.1,254,5949,5949,4432,3897,242,6095,5945,4535,3907,237,5903,5812,4485,3717
410,3:25:00,25.2,250,6122,5986,4411,3866,266,6072,6033,4562,3882,244,5851,5841,4540,3748
411,3:25:30,25.1,256,5986,5932,4469,3846,229,5924,5980,4635,3966,239,5856,5885,4433,3772
412,3:26:00,25.1,265,5969,6000,4426,3838,253,5923,5909,4553,3829,244,5790,5944,4457,3731
413,3:26:30,25.1,246,6045,6003,4583,3855,236,5905,5996,4604,3902,261,6071,5828,4483,3853
414,3:27:00,25.1,254,5929,5844,4578,3918,254,5921,5987,4627,3806,214,5822,5905,4482,3788
415,3:27:30,25.1,252,6115,5958,4519,3900,257,6072,6063,4536,3849,236,5800,5938,4472,3725
416,3:28:00,25.1,228,6114,5983,4519,3875,224,5989,5955,4489,3838,220,5795,5931,4376,3724
417,3:28:30,25.1,222,5982,5934,4546,3909,260,5810,6005,4498,3909,237,5891,5797,4420,3799
418,3:29:00,25.1,246,6048,6067,4518,3938,247,5934,5935,4596,3864,232,5867,5927,4505,3835
419,3:29:30,25.1,229,6131,5915,4615,3755,253,5983,5996,4512,3888,207,5963,5922,4509,3866
420,3:30:00,25.1,286,6019,5894,4529,3900,248,5913,5938,4588,3904,228,5902,6014,4452,3755
421,3:30:30,25.1,229,6145,5921,4562,3886,248,5898,5967,4530,3861,257,5851,5983,4481,3849
422,3:31:00,25.1,256,6164,5934,4481,3856,258,5870,5978,4601,3897,239,5857,5925,4394,3790
423,3:31:30,25.1,232,6112,5876,4500,3858,258,5939,6152,4537,3868,231,5773,5977,4491,3799
424,3:32:00,25.1,238,5920,5842,4551,3817,249,6042,5929,4552,3981,249,5722,6014,4359,3787
425,3:32:30,25.1,251,6031,6031,4498,3960,243,6121,5967,4577,3906,241,5954,6001,4484,3775
426,3:33:00,25.1,267,6037,5964,4615,3878,241,5970,6121,4577,3876,235,5875,5950,4428,3866
427,3:33:30,25.1,248,5975,5814,4521,3923,229,5998,6020,4555,3878,243,5866,5926,4436,3678
428,3:34:00,25.1,256,5996,6012,4552,3870,250,5831,5980,4515,3913,230,5800,5906,4529,3850
429,3:34:30,25.1,247,5966,6022,4609,3860,245,5966,5964,4511,3824,244,5805,5922,4477,3723
430,3:35:00,25.1,255,6123,5852,4440,3871,231,5963,5876,4574,3921,267,5962,5959,4575,3761
431,3:35:30,25.1,240,6118,5952,4470,3911,239,5920,5964,4620,3877,229,5819,5927,4444,3786
432,3:36:00,25.1,239,6087,5940,4528,3891,222,5981,5869,4630,3855,226,5699,5872,4556,3844
433,3:36:30,25.1,250,6128,5934,4450,3858,246,5892,6046,4585,3912,246,5843,6000,4441,3874
434,3:37:00,25.1,234,6033,5902,4544,3850,217,6077,5930,4658,3929,254,5858,5772,4526,3842
435,3:37:30,25.1,252,5953,5997,4565,3806,241,5842,5953,4523,3974,249,5872,6002,4432,3742
436,3:38:00,25.1,257,6044,5794,4507,3935,235,5878,5987,4597,3969,252,5883,5928,4541,3833
437,3:38:30,25.1,237,6080,5963,4543,3958,262,5918,6003,4489,3964,237,5828,5900,4424,3856
438,3:39:00,25.1,254,5956,5988,4527,3886,269,5978,5927,4666,3879,248,5850,5971,4531,3736
439,3:39:30,25.1,255,5995,6054,4489,3875,285,5871,5999,4543,3896,236,5762,5901,4482,3777
440,3:40:00,25.1,240,5989,5899,4546,3985,254,5928,5984,4546,3871,228,5978,5985,4571,3837
441,3:40:30,25.1,243,5990,5923,4507,3909,244,5823,5986,4552,3916,274,5807,5895,4553,3763
442,3:41:00,25.1,246,5982,5939,4510,3996,233,5831,5971,4537,3919,224,5858,5916,4521,3828
443,3:41:30,25.1,233,6155,5973,4613,3964,242,5983,6046,4486,3988,234,5936,5922,4452,3842
444,3:42:00,25.1,220,6064,6013,4555,3863,250,6000,5947,4596,3981,231,5851,5978,4563,3847
445,3:42:30,25.1,244,6023,5824,4437,3919,254,6058,5857,4588,3815,224,5851,5881,4534,3867
446,3:43:00,25.1,255,6051,6142,4578,3896,271,5919,5962,4575,3891,238,5905,5976,4519,3904
447,3:43:30,25.1,235,5992,5942,4599,3895,245,5851,6019,4486,3988,233,5901,5976,4344,3890
448,3:44:00,25.1,247,5967,5948,4535,3947,242,5988,6015,4644,3963,242,5782,6038,4469,3838
449,3:44:30,25.1,251,5991,5842,4652,3957,246,5820,5940,4554,3953,237,5838,5860,4523,3817
450,3:45:00,25.1,231,6010,6043,4601,3910,250,5901,5916,4551,4008,233,5798,5819,4456,3852
451,3:45:30,25.1,236,6041,6000,4652,3931,244,5885,5943,4503,3849,233,5751,5992,4508,3849
452,3:46:00,25.1,250,6151,5961,4567,4013,245,5853,6004,4618,3964,247,5930,5926,4524,3882
453,3:46:30,25.1,251,6054,5839,4506,4028,230,6014,5967,4696,3999,250,5865,5902,4515,3907
454,3:47:00,25.1,245,6002,5989,4546,3894,239,5958,5898,4655,4009,229,5850,5961,4642,3856
455,3:47:30,25.1,253,6028,5897,4528,4041,252,5982,5925,4604,4036,241,5855,5828,4470,3848
456,3:48:00,25.1,251,6045,6016,4537,3968,232,5880,5911,4531,3924,239,5856,5985,4587,3863
457,3:48:30,25.1,239,6062,5968,4631,3949,234,5967,5947,4645,4011,236,5827,5850,4419,3846
458,3:49:00,25.1,248,6105,5934,4596,3985,247,6003,6067,4533,3887,233,5746,5836,4505,3818
459,3:49:30,25.1,239,6062,5950,4497,3916,251,6045,5940,4616,3965,244,5748,5846,4453,3799
460,3:50:00,25.1,267,6117,5949,4608,3918,260,5931,6106,4669,3899,241,5985,5938,4487,3826
461,3:50:30,25.1,253,6074,5881,4594,3994,258,5925,5934,4448,3908,252,5882,5840,4404,3910
462,3:51:00,25.1,252,6097,5956,4592,3917,247,6008,6058,4585,3955,255,5988,5816,4500,3866
463,3:51:30,25.1,258,6101,5937,4633,3888,243,5910,6069,4569,3983,250,5803,5853,4473,3985
464,3:52:00,25.1,226,6068,6052,4593,3976,247,6000,5856,4571,4008,239,5875,6046,4648,3848
465,3:52:30,25.1,257,6095,5915,4574,3890,236,5986,5935,4627,4013,277,5950,6037,4585,3844
466,3:53:00,25.1,260,6207,5976,4568,3916,221,5869,5948,4622,4003,252,5858,5878,4507,3931
467,3:53:30,25.1,247,6029,5995,4640,3905,231,6022,5993,4527,4044,233,5842,5940,4528,3890
468,3:54:00,25.1,250,6060,5924,4610,3962,237,5983,6020,4518,3882,254,5910,5808,4551,3878
469,3:54:30,25.1,246,6009,5872,4619,4053,253,5889,5877,4605,3968,252,5842,5912,4518,3946
470,3:55:00,25.1,254,6021,5920,4635,3935,248,5966,5903,4512,3908,234,5839,5973,4515,3929
471,3:55:30,25.1,256,6072,5899,4578,3937,232,5924,5952,4618,3999,238,5764,5993,4528,3963
472,3:56:00,25.1,238,6039,5971,4583,3878,243,5991,6050,4596,3941,251,5938,5934,4548,3952
473,3:56:30,25.1,235,6171,5975,4646,4036,256,5926,5900,4593,4047,237,5879,5874,4626,3930
474,3:57:00,25.1,262,6038,6025,4524,3969,258,5918,5992,4618,3988,254,5904,5939,4472,3949
475,3:57:30,25.1,246,6067,6014,4618,4023,247,5937,5892,4626,3917,246,5861,5905,4576,3940
476,3:58:00,25.1,249,6054,5998,4597,4013,271,5998,5953,4554,3991,257,5839,5943,4426,3895
477,3:58:30,25.1,250,6016,5877,4587,3974,238,5883,5951,4573,4059,240,5692,5845,4462,3864
478,3:59:00,25.1,230,6033,5919,4491,3980,229,6051,5930,4537,3979,233,5881,5862,4580,3979
479,3:59:30,25.1,264,6059,5974,4530,3980,236,5957,6005,4554,4009,266,5816,5957,4601,3913
480,4:00:00,25.1,240,6004,5889,4641,3995,217,5803,6033,4524,3968,247,5985,6013,4660,3927
481,4:00:30,25.1,238,6079,6092,4504,4005,234,5910,5977,4609,4011,222,5845,5956,4445,3876
482,4:01:00,25.1,234,6142,5957,4642,3991,229,5959,6078,4581,3972,263,5819,5975,4614,3892
483,4:01:30,25.1,255,6139,5984,4602,3988,243,5924,5979,4670,3890,234,5926,5848,4562,3890
484,4:02:00,25.1,256,6025,5945,4538,3972,238,5915,6041,4517,3992,237,5711,5967,4597,3872
485,4:02:30,25.1,251,6018,5992,4584,3927,222,5945,6066,4664,3928,260,5798,5929,4619,3836
486,4:03:00,25.1,250,5978,5978,4667,3952,235,5980,6093,4636,3965,238,5931,5884,4503,3924
487,4:03:30,25.1,246,6087,5929,4622,3929,266,5953,6042,4581,4048,257,5942,5887,4579,4005
488,4:04:00,25.1,244,6023,5907,4740,4031,231,5859,5925,4600,3990,280,5991,5884,4626,3953
489,4:04:30,25.1,247,6011,5950,4607,4021,223,6005,6023,4549,4029,262,5837,5977,4642,3868
490,4:05:00,25.1,232,6126,6040,4543,3970,242,5971,5889,4619,4054,231,5935,5834,4407,3944
491,4:05:30,25.1,257,6000,6054,4612,4025,247,6028,5966,4686,3996,252,5777,5922,4430,3993
492,4:06:00,25.1,250,6043,5914,4635,3936,255,5870,6077,4653,3963,238,5885,5971,4632,3982
493,4:06:30,25.1,261,5968,5883,4668,4096,257,5976,5940,4663,3982,246,5852,5840,4494,3928
494,4:07:00,25.1,262,6103,5917,4569,3965,244,5903,5806,4643,3959,242,5904,5932,4572,3932
495,4:07:30,25.1,239,6063,6052,4588,3965,226,6066,5977,4532,4022,243,5801,5857,4545,3899
496,4:08:00,25.1,243,6040,5967,4637,3967,251,5901,5976,4609,3941,230,5942,5973,4429,3886
497,4:08:30,25.1,230,6018,5879,4593,3979,236,5912,5980,4656,4051,254,5851,5885,4596,3953
498,4:09:00,25.1,250,5976,5992,4584,3997,255,5939,6096,4665,3961,260,5855,5852,4602,3872
499,4:09:30,25.1,263,6016,5940,4535,4062,261,5928,6117,4555,3991,223,5925,5884,4463,3866
500,4:10:00,25.1,249,6054,5913,4555,4056,236,5903,6020,4649,4175,237,5759,5970,4551,3888
501,4:10:30,25.1,232,5972,6017,4646,3994,240,5893,6043,4593,4027,245,5848,5837,4601,3943
502,4:11:00,25.1,236,6004,5914,4631,3992,229,6015,6088,4605,4010,238,5842,6028,4635,3919
503,4:11:30,25,238,6029,6096,4710,4025,229,5860,5937,4676,4006,238,5884,5899,4567,3932
504,4:12:00,25.1,257,6099,6043,4580,4038,252,5966,5938,4634,4005,232,5781,5874,4515,3899
505,4:12:30,25,290,6110,5920,4649,3934,252,5986,6123,4724,4111,224,5940,5989,4570,4008
506,4:13:00,25.1,252,6044,5912,4628,3997,242,6015,6017,4593,4019,256,5939,5965,4552,3941
507,4:13:30,25.1,263,6066,5914,4623,4027,267,6049,5985,4752,3985,236,5825,5949,4650,3942
508,4:14:00,25.1,231,6106,5920,4572,4006,213,5884,6014,4598,4030,252,5889,5945,4593,3967
509,4:14:30,25.1,258,6023,6032,4736,3964,236,5940,6033,4643,4045,239,5836,5883,4486,3925
510,4:15:00,25.1,246,6044,5937,4604,4026,244,5877,6061,4641,4051,245,5732,5885,4544,3926
511,4:15:30,25.1,255,6088,5964,4693,3988,259,5998,5989,4695,4108,249,5874,6060,4486,3965
512,4:16:00,25.1,247,5980,5876,4737,4078,224,5931,6070,4600,4184,232,5802,5946,4579,3955
513,4:16:30,25.1,267,6007,6038,4606,4089,255,5904,6029,4677,4093,246,5857,6006,4632,3904
514,4:17:00,25.1,257,6105,5971,4648,3979,254,5879,5932,4677,4012,250,5826,5955,4552,3963
515,4:17:30,25.1,261,6051,5997,4699,4074,244,5934,5921,4692,4065,213,6028,5979,4588,3952
516,4:18:00,25.1,264,6057,6061,4684,4041,253,5978,6035,4588,4004,240,5838,5931,4537,3944
517,4:18:30,25.1,251,5989,5930,4625,4036,254,5865,5963,4660,3932,257,5832,5988,4673,3944
518,4:19:00,25.1,239,6158,6084,4627,4111,242,5933,5954,4685,4069,236,5921,5963,4511,4047
519,4:19:30,25.1,242,6165,5874,4611,4045,251,5987,6021,4635,4066,240,5947,5927,4463,3964
520,4:20:00,25.1,274,6012,6017,4669,3946,234,5947,5944,4712,4044,260,5795,5840,4634,3926
521,4:20:30,25.1,265,5992,5970,4658,4034,257,5986,6134,4561,4041,260,5952,5809,4539,3956
522,4:21:00,25.1,249,6016,6089,4637,4010,251,5957,5975,4596,4107,232,5834,5946,4521,4028
523,4:21:30,25.1,268,6064,6007,4620,4058,263,5978,6032,4785,4090,213,5925,5958,4547,3982
524,4:22:00,25.1,266,6099,6037,4608,4097,262,5925,6025,4673,3998,245,5967,5897,4684,3970
525,4:22:30,25.1,270,6077,5960,4742,4030,249,5906,6111,4626,4141,233,5825,5962,4545,3949
526,4:23:00,25.1,250,6079,5966,4719,4037,234,5999,5967,4683,4080,237,5910,5952,4473,3965
527,4:23:30,25.1,243,5956,5952,4659,4021,230,5936,5984,4682,4121,244,5827,5980,4552,3962
528,4:24:00,25.1,263,6057,6002,4641,4112,260,6008,6030,4664,4086,238,5846,5975,4606,3963
529,4:24:30,25.1,252,6093,6039,4570,4061,254,5943,5941,4732,4060,242,5862,5949,4554,3956
530,4:25:00,25,242,6065,5976,4521,4062,259,5932,5899,4643,4095,241,5889,5957,4465,3930
531,4:25:30,25.1,229,6001,5921,4662,3995,267,5959,5909,4679,4041,248,5795,5889,4611,3952
532,4:26:00,25.1,250,6093,5976,4568,4065,245,5868,5932,4691,4016,255,5866,5865,4527,3834
533,4:26:30,25.1,243,6049,5929,4630,4010,251,5892,6003,4624,3984,233,5921,5946,4643,3939
534,4:27:00,25.1,222,6215,6067,4674,4017,247,6000,6012,4674,4199,257,5754,5983,4724,3957
535,4:27:30,25,250,6104,5986,4626,4053,232,5891,5996,4624,4003,225,5876,5845,4625,3982
536,4:28:00,25.1,252,6058,6060,4674,4047,262,5900,5968,4590,4084,249,5866,5957,4694,3996
537,4:28:30,25.1,253,6109,6039,4687,4036,227,6026,6034,4634,4103,241,5904,5881,4569,3941
538,4:29:00,25.1,234,5971,5969,4629,4098,250,5927,5942,4606,4052,231,5858,5884,4504,3982
539,4:29:30,25.1,248,6136,5989,4666,4057,226,5989,5963,4744,4007,230,5952,6005,4614,3933
540,4:30:00,25.1,238,6124,6011,4671,4071,241,5915,5966,4690,4106,246,5770,5904,4617,4016
541,4:30:30,25.1,245,6069,5964,4725,4095,241,5966,5987,4686,4087,246,5759,5997,4579,3996
542,4:31:00,25.1,237,6018,5978,4701,4031,247,5980,6066,4749,4092,219,5924,5940,4560,3955
543,4:31:30,25.1,264,5978,5906,4741,4063,253,5853,6025,4731,4052,236,5792,5992,4549,3871
544,4:32:00,25.1,242,6119,6046,4669,4120,255,5924,6053,4739,4055,248,5936,5814,4519,4085
545,4:32:30,25.1,254,6083,6057,4619,4100,245,5872,5961,4582,4005,261,5823,5987,4544,3983
546,4:33:00,25.1,250,6046,5893,4726,4023,227,5907,5974,4685,4115,253,5840,5941,4579,3986
547,4:33:30,25.1,249,6059,5946,4768,4031,238,5945,5987,4719,4044,254,6038,5981,4594,4026
548,4:34:00,25.1,239,5997,5982,4657,4033,236,6015,5945,4720,4219,239,5807,5970,4631,3917
549,4:34:30,25.1,257,6055,6117,4618,4102,244,5938,6057,4623,4104,248,5786,5924,4558,3988
550,4:35:00,25.1,244,6083,5897,4701,4029,227,5948,5971,4793,4129,241,5870,5959,4599,3976
551,4:35:30,25.1,249,6034,6064,4656,4125,262,5903,6097,4739,4110,250,5849,5972,4668,4015
552,4:36:00,25.1,271,6008,6017,4636,4015,248,5996,5978,4729,4056,248,5922,5958,4621,3997
553,4:36:30,25,248,6046,6040,4584,4095,269,5906,5938,4652,4019,259,5816,5967,4635,4019
554,4:37:00,25.1,241,6057,5950,4632,4108,234,5874,6071,4645,4042,237,5839,5906,4649,3926
555,4:37:30,25,245,6066,5970,4721,4171,245,5960,5963,4694,4178,232,5882,5904,4532,4019
556,4:38:00,25.1,236,6049,5968,4680,4108,249,5860,5942,4709,4150,240,5951,5968,4524,4017
557,4:38:30,25,245,6070,5933,4789,4063,227,5995,5951,4781,4075,240,5907,5985,4646,4025
558,4:39:00,25.1,231,6133,5920,4642,4055,253,6020,6056,4671,4077,236,5789,5965,4519,4002
559,4:39:30,25.1,241,5922,6061,4678,4109,254,5935,6011,4733,4096,255,5945,5996,4639,4059
560,4:40:00,25.1,256,6180,5864,4678,4046,249,5920,5980,4690,4125,239,5924,5963,4594,4005
561,4:40:30,25.1,244,6080,5974,4728,4085,255,5918,6008,4708,4031,237,5887,5968,4584,4012
562,4:41:00,25.1,266,6036,5991,4635,4106,233,5918,6069,4782,4029,227,5797,5978,4614,3967
563,4:41:30,25.1,227,6073,5871,4747,4146,254,5875,6012,4704,4137,228,5964,5925,4678,4033
564,4:42:00,25,253,6061,5918,4617,4068,234,5894,5981,4758,4145,250,5867,5947,4560,4024
565,4:42:30,25,244,6085,5949,4679,4128,238,5976,6006,4735,4030,276,5881,5914,4655,4040
566,4:43:00,25.1,271,6042,5975,4634,4141,245,6008,6161,4695,4050,247,5861,5847,4655,3992
567,4:43:30,25,246,6077,6014,4691,4031,225,6052,6013,4650,4073,223,5838,5859,4573,4043
568,4:44:00,25.1,264,6104,6008,4692,4065,239,5932,5859,4777,4104,230,5883,5973,4653,3943
569,4:44:30,25.1,267,6075,6024,4702,4013,246,5909,6046,4642,4187,231,5858,5919,4594,3979
570,4:45:00,25,235,5958,6023,4597,4103,247,6018,5977,4599,4075,241,5830,6022,4618,4067
571,4:45:30,25.1,256,6064,6018,4686,4099,230,6018,5978,4689,4077,244,5829,6010,4726,4130
572,4:46:00,25.1,248,6011,5938,4757,4110,232,5933,6053,4750,4151,255,5871,5840,4638,3990
573,4:46:30,25.1,243,6170,5989,4684,4204,242,5885,5965,4724,4190,223,5868,5972,4668,4089
574,4:47:00,25.1,218,6032,5962,4662,4098,243,5961,5878,4776,4109,226,5876,5977,4485,3992
575,4:47:30,25.1,235,6020,5988,4667,4035,279,5891,5980,4729,4188,242,5828,5843,4594,4021
576,4:48:00,25,250,6060,5944,4603,4244,250,5860,6007,4670,4081,228,5837,5933,4638,4103
577,4:48:30,25.1,249,6058,6028,4724,4149,236,5954,6082,4726,4112,225,5898,5949,4631,4084
578,4:49:00,25.1,233,6127,5937,4771,4130,235,5950,6078,4783,4069,216,5901,5983,4735,4064
579,4:49:30,25.1,246,6045,5981,4718,4126,267,5978,5884,4720,4101,268,5753,5989,4550,4014
580,4:50:00,25.1,226,6042,5995,4696,4142,252,6001,6024,4664,4140,241,5922,5910,4777,4015
581,4:50:30,25.1,254,6036,6098,4773,4071,225,6051,6073,4717,4168,238,5927,5873,4670,4066
582,4:51:00,25,237,6041,5904,4677,4166,244,5971,6001,4636,4085,241,5866,5899,4626,4001
583,4:51:30,25,257,6175,6002,4780,4105,244,6013,6045,4747,4221,267,5881,5973,4664,4072
584,4:52:00,25.1,227,6024,5916,4662,4123,222,5921,5816,4622,4106,256,5916,6047,4605,4097
585,4:52:30,25,240,6038,5887,4746,4130,223,5908,5993,4631,4099,221,5923,5990,4765,3966
586,4:53:00,25.1,274,6087,6081,4710,4144,216,6033,5945,4696,4142,232,5928,6001,4599,4019
587,4:53:30,25.1,254,6057,5942,4671,4093,245,5898,5943,4636,4065,226,5856,5860,4560,3994
588,4:54:00,25.1,245,6146,6028,4746,4096,228,5918,6091,4739,4143,241,5866,5945,4703,4101
589,4:54:30,25.1,259,6126,6026,4731,4083,244,6010,6044,4685,4170,254,5854,5893,4641,4122
590,4:55:00,25.1,253,6157,6039,4640,4057,257,6006,6068,4603,4150,262,5890,6022,4710,4075
591,4:55:30,25.1,232,5937,6084,4634,4248,249,6009,5946,4657,4163,243,5800,5997,4633,4070
592,4:56:00,25.1,247,6210,6016,4761,4141,251,5873,6041,4660,4139,240,5841,6072,4699,3994
593,4:56:30,25.1,259,6109,6104,4773,4225,235,5912,6052,4694,4115,225,5841,5877,4595,3946
594,4:57:00,25.1,232,6005,5942,4701,4148,238,5982,6005,4800,4186,246,5926,5980,4611,4043
595,4:57:30,25.1,270,6077,6012,4721,4077,236,6086,5966,4695,4181,263,5893,5934,4582,4065
596,4:58:00,25.1,253,6056,5905,4653,4048,253,6031,6126,4762,4178,219,5816,6038,4600,4070
597,4:58:30,25.1,243,6120,5828,4743,4164,245,5915,6017,4677,4075,241,5807,6050,4671,4043
598,4:59:00,25.1,252,6064,5944,4692,4236,244,5953,5979,4669,4156,265,5825,5989,4726,4085
599,4:59:30,25.1,238,6018,6046,4684,4188,230,6023,6086,4637,4144,259,5805,5904,4598,4087
600,5:00:00,25.1,256,6064,5946,4778,4104,234,5957,6053,4734,4196,245,5854,5968,4694,4118
601,5:00:30,25.1,272,5965,6025,4715,4134,238,5960,5960,4703,4202,231,5968,5954,4576,4057
602,5:01:00,25,255,6090,6002,4768,4112,257,5953,6050,4656,4181,239,5858,5923,4597,4031
603,5:01:30,25.1,237,6130,5948,4681,4168,222,6094,6075,4782,4210,226,5881,5968,4692,4000
604,5:02:00,25.1,234,6049,5894,4686,4193,247,5991,5958,4662,4245,252,5882,5982,4646,4029
605,5:02:30,25.1,248,6073,5981,4667,4160,243,6076,6058,4770,4154,256,5817,6005,4586,4073
606,5:03:00,25.1,231,6034,5982,4650,4137,245,5923,5929,4725,4216,237,5929,6113,4662,4047
607,5:03:30,25.1,263,6085,6114,4695,4137,228,6046,5942,4630,4171,227,5776,5942,4661,4118
608,5:04:00,25.1,245,6096,5996,4684,4140,252,5905,5978,4707,4239,245,5975,5986,4618,4081
609,5:04:30,25.1,242,5958,5934,4765,4119,242,5977,6033,4629,4164,258,5884,5976,4609,4048
610,5:05:00,25.1,256,6115,5854,4668,4109,264,5978,6055,4692,4110,227,5982,6019,4593,4051
611,5:05:30,25.1,242,6097,6104,4689,4137,258,5925,5933,4779,4184,235,5913,5828,4640,4046
612,5:06:00,25.1,248,6137,6063,4826,4075,252,6075,6073,4753,4211,236,5896,5938,4570,4025
613,5:06:30,25.1,272,6109,5979,4759,4172,264,6031,5964,4720,4195,247,5929,5937,4622,4135
614,5:07:00,25.1,233,6002,5945,4754,4155,236,6023,5959,4728,4154,238,5854,5936,4622,4032
615,5:07:30,25.1,248,6048,5906,4755,4319,237,5857,6010,4715,4131,245,5937,6042,4668,4047
616,5:08:00,25.1,253,5997,5951,4747,4183,242,5935,6027,4778,4096,220,5812,5844,4603,4110
617,5:08:30,25.1,238,6133,5979,4747,4071,262,6052,5920,4596,4242,240,5900,5913,4632,4108
618,5:09:00,25.1,254,6104,6043,4782,4147,250,5995,6055,4703,4120,235,5823,6003,4620,4090
619,5:09:30,25.1,233,5972,6007,4618,4148,262,5821,5899,4729,4145,253,5807,5941,4636,4013
620,5:10:00,25.1,237,6129,6032,4654,4106,234,5983,5985,4634,4141,238,6019,6086,4703,4063
621,5:10:30,25.1,227,5981,6088,4609,4215,226,6041,5922,4735,4181,217,5749,5923,4614,4106
622,5:11:00,25.1,250,6082,5884,4760,4109,251,6002,5975,4666,4138,228,5927,5869,4723,4055
623,5:11:30,25.1,257,6067,6005,4785,4194,243,5939,5964,4732,4210,251,5785,5995,4660,4079
624,5:12:00,25.1,235,6133,5981,4700,4209,242,5916,5982,4657,4175,252,5907,5951,4667,4164
625,5:12:30,25.1,258,6129,5928,4753,4140,252,5951,6015,4645,4100,234,5806,5992,4702,4028
626,5:13:00,25.1,260,6050,5913,4725,4164,228,5973,6084,4763,4119,247,5908,6044,4712,4028
627,5:13:30,25.1,234,6093,6006,4691,4083,241,5927,6011,4824,4201,259,5888,5950,4692,4032
628,5:14:00,25.1,249,6111,6003,4613,4188,246,6048,6021,4772,4118,241,5999,5993,4661,4100
629,5:14:30,25,253,6102,5949,4756,4234,234,6002,6068,4702,4266,239,5829,5945,4728,4140
630,5:15:00,25.1,241,6095,5899,4720,4122,246,6031,6010,4759,4168,237,5851,5948,4718,3988
631,5:15:30,25.1,242,5991,5915,4709,4093,236,6045,6010,4785,4229,235,5898,5952,4650,4097
632,5:16:00,25.1,246,6180,6011,4708,4156,242,5939,5960,4751,4184,232,5868,5977,4597,4068
633,5:16:30,25.1,241,6121,5930,4656,4169,258,5921,6010,4715,4141,233,5908,5871,4659,4176
634,5:17:00,25.1,251,6163,5942,4785,4235,227,5912,5984,4765,4224,238,5729,5917,4579,4199
635,5:17:30,25.1,239,6098,5950,4768,4140,225,5981,6016,4682,4262,241,5856,5955,4629,4080
636,5:18:00,25.1,235,6010,6009,4741,4129,253,5933,5999,4806,4188,265,5832,5974,4784,4065
637,5:18:30,25,238,6065,6023,4726,4181,248,5956,5887,4771,4225,246,5830,6021,4584,4043
638,5:19:00,25.1,257,6124,5956,4804,4211,259,5884,5940,4721,4167,237,5851,5984,4587,4034
639,5:19:30,25.1,241,6109,6021,4720,4207,236,6032,5942,4663,4258,232,5902,6084,4651,4140
640,5:20:00,25.1,240,6205,6016,4705,4161,259,6036,5927,4705,4272,237,5884,6026,4657,4055
641,5:20:30,25.1,271,6154,5996,4673,4184,242,5983,6050,4782,4231,220,5854,5969,4630,4089
642,5:21:00,25,269,6160,6031,4790,4160,255,5817,6014,4750,4191,262,6056,5835,4678,4108
643,5:21:30,25.1,223,6027,5889,4810,4181,244,5936,6042,4786,4136,231,5948,5955,4728,4125
644,5:22:00,25.1,241,6007,5981,4728,4154,235,5890,5979,4706,4296,230,5858,6008,4694,3992
645,5:22:30,25,235,6060,5966,4798,4260,270,5839,5985,4761,4236,227,5804,5914,4764,4078
646,5:23:00,25.1,248,6208,6027,4774,4147,227,5898,6035,4689,4110,246,5876,5983,4697,4055
647,5:23:30,25.1,229,6057,5891,4744,4217,239,5977,6117,4615,4189,242,5833,6093,4722,4051
648,5:24:00,25.1,258,5928,5997,4744,4156,247,6000,5873,4804,4108,227,5781,5982,4709,4052
649,5:24:30,25,242,6029,5952,4740,4161,278,5882,6031,4733,4232,235,5782,6021,4670,4096
650,5:25:00,25.1,247,6097,5940,4693,4210,240,5984,5909,4853,4243,232,5848,5838,4633,4126
651,5:25:30,25.1,266,6019,5876,4723,4234,239,6016,6002,4803,4181,266,5878,6026,4694,4105
652,5:26:00,25.1,263,6105,5920,4669,4166,255,6064,6063,4708,4214,243,5939,5997,4674,4130
653,5:26:30,25.1,273,6058,6009,4817,4204,257,6067,5981,4712,4240,245,5907,5990,4738,4169
654,5:27:00,25.1,239,6098,5952,4673,4158,232,6026,5943,4708,4182,237,5848,5904,4649,4100
655,5:27:30,25.1,235,6061,5989,4747,4238,234,5921,5879,4819,4170,246,5918,5948,4605,4103
656,5:28:00,25.1,255,6142,6063,4826,4169,255,5872,5903,4696,4328,243,5915,5940,4569,4067
657,5:28:30,25.1,275,6062,5919,4751,4145,243,5912,6026,4774,4220,226,5811,6039,4698,4173
658,5:29:00,25.1,252,6025,5990,4704,4083,234,5990,6022,4791,4252,245,5820,5913,4683,4091
659,5:29:30,25.1,245,6071,5966,4603,4172,232,5991,6055,4810,4324,236,5955,5892,4604,4097
660,5:30:00,25,231,6021,6024,4816,4221,256,5985,6099,4689,4155,228,5867,5907,4638,4126
661,5:30:30,25.1,259,6214,6084,4738,4155,228,5926,6003,4839,4203,232,5752,5928,4710,4195
662,5:31:00,25.1,252,6080,6011,4711,4180,253,6002,5931,4735,4232,268,5880,6000,4792,4204
663,5:31:30,25,236,5998,5923,4721,4179,253,6023,5958,4746,4170,238,5991,5837,4666,4062
664,5:32:00,25,250,6038,6052,4687,4230,250,5868,6021,4696,4259,226,5720,5842,4643,4159
665,5:32:30,25,255,6013,5997,4697,4179,241,6004,5992,4790,4257,257,5872,5962,4695,4110
666,5:33:00,25.1,274,5926,5942,4792,4281,234,5919,6000,4777,4208,245,5826,5937,4598,4111
667,5:33:30,25.1,258,6006,6032,4664,4154,231,5945,6001,4753,4208,250,5831,5912,4659,4133
668,5:34:00,25.1,241,6034,5990,4805,4144,238,5957,5985,4732,4259,237,5892,5933,4699,4186
669,5:34:30,25.1,245,6034,5920,4752,4260,245,5980,6006,4763,4269,228,5904,6000,4722,4123
670,5:35:00,25.1,276,6177,6019,4877,4146,247,5916,5954,4758,4365,248,5855,5925,4696,4146
671,5:35:30,25.1,253,6013,5945,4757,4273,236,5906,6063,4720,4256,230,5830,6018,4611,4177
672,5:36:00,25.1,270,6069,5948,4723,4195,231,6010,6098,4769,4185,253,5906,5995,4656,4130
673,5:36:30,25.1,232,6137,5890,4758,4267,225,6064,6125,4747,4091,233,5860,6096,4749,4175
674,5:37:00,25.1,254,6004,5946,4669,4244,251,5953,5958,4811,4189,216,5893,5924,4617,4122
675,5:37:30,25.1,260,6070,5979,4778,4228,253,6028,6099,4794,4162,248,5963,5997,4743,4148
676,5:38:00,25.1,241,6210,6010,4782,4285,248,6052,5996,4745,4273,252,5933,5890,4731,4133
677,5:38:30,25.1,262,6058,5925,4729,4267,238,5957,5859,4733,4213,231,5851,5954,4600,4198
678,5:39:00,25.1,236,5988,6079,4779,4271,225,6097,6026,4709,4210,251,5989,5899,4678,4128
679,5:39:30,25.1,245,6118,5997,4697,4296,244,5930,6008,4913,4110,234,5887,5948,4832,4217
680,5:40:00,25.1,264,6071,5922,4767,4100,252,5980,5942,4829,4098,226,5976,6007,4754,4067
681,5:40:30,25.1,232,6085,5997,4838,4307,242,6043,5981,4868,4258,266,5845,5937,4672,4133
682,5:41:00,25.1,250,6197,6022,4743,4163,227,5937,6108,4848,4186,221,5921,5906,4705,4070
683,5:41:30,25.1,237,6060,5926,4719,4221,249,5974,6117,4831,4175,241,5872,5892,4642,4125
684,5:42:00,25.1,246,6080,5987,4749,4228,234,5837,6125,4766,4228,236,6044,5907,4708,4142
685,5:42:30,25.1,248,6102,6034,4761,4196,247,5950,6095,4724,4305,233,5818,5981,4626,4114
686,5:43:00,25.1,253,5999,5952,4824,4321,239,5899,6029,4763,4325,262,5831,5979,4592,4108
687,5:43:30,25.1,261,6033,5979,4662,4150,204,6019,5988,4681,4248,254,5898,6016,4771,4136
688,5:44:00,25.1,258,6127,5829,4831,4256,248,5978,6027,4758,4131,247,5821,5965,4665,4074
689,5:44:30,25.1,259,6074,6019,4779,4247,246,5977,6018,4731,4190,259,5875,5960,4765,4154
690,5:45:00,25,258,6095,5848,4775,4338,230,6016,6095,4725,4252,245,5873,6024,4732,4162
691,5:45:30,25.1,265,6075,5924,4772,4288,246,5878,6013,4789,4237,242,5904,5945,4734,4200
692,5:46:00,25,240,6045,5925,4649,4281,253,5925,6070,4783,4221,251,5851,5940,4705,4114
693,5:46:30,25.1,242,5983,5911,4795,4294,247,5961,5995,4770,4179,252,5842,5912,4650,4023
694,5:47:00,25.1,248,6149,5985,4771,4345,246,5964,6024,4839,4243,239,5855,5925,4727,4109
695,5:47:30,25.1,247,6040,6041,4778,4263,256,5898,6025,4736,4257,224,5923,5921,4724,4165
696,5:48:00,25.1,244,6092,5961,4850,4241,227,5860,6033,4773,4299,243,5927,6061,4802,4188
697,5:48:30,25.1,253,6181,6037,4748,4117,245,6046,6050,4746,4261,231,5921,5933,4718,4287
698,5:49:00,25.1,248,6107,5996,4773,4172,245,5932,5967,4787,4273,251,5923,5975,4674,4130
699,5:49:30,25.1,248,6069,6010,4816,4284,263,5991,6009,4771,4306,250,5962,5954,4711,4095
700,5:50:00,25,245,6061,5890,4742,4188,235,5957,5962,4836,4217,246,5895,5986,4674,4211
701,5:50:30,25.1,245,6205,6046,4805,4293,241,5950,6036,4817,4203,232,5826,5930,4706,4182
702,5:51:00,25.1,270,5994,5994,4647,4208,246,6008,5965,4772,4188,246,5951,5897,4583,4201
703,5:51:30,25.1,249,6130,6057,4755,4314,265,6072,6051,4803,4222,245,5921,5918,4665,4093
704,5:52:00,25.1,229,5959,5984,4721,4231,239,5829,6018,4784,4194,223,5875,5970,4706,4202
705,5:52:30,25,255,6196,5991,4818,4291,254,5913,6001,4807,4243,242,5948,5919,4665,4076
706,5:53:00,25,265,6143,6091,4789,4172,241,6047,6024,4868,4221,231,5938,5948,4695,4210
707,5:53:30,25,266,6131,6052,4850,4313,241,5928,5971,4869,4294,248,5918,5831,4578,4184
708,5:54:00,25,240,6180,5980,4735,4219,264,5941,6024,4882,4328,254,5888,5972,4791,4107
709,5:54:30,25.1,260,6072,5972,4791,4117,229,5934,6010,4788,4241,256,5975,6014,4604,4251
710,5:55:00,25.1,235,6048,5993,4767,4241,253,5902,5938,4781,4212,238,5995,5938,4716,4236
711,5:55:30,25,232,6001,6006,4844,4363,234,5937,5970,4786,4327,248,5922,6040,4764,4113
712,5:56:00,25.1,237,6118,5900,4767,4175,235,5981,6087,4778,4211,231,5938,5968,4699,4282
713,5:56:30,25.1,249,5977,5959,4787,4285,248,6026,6167,4799,4223,245,5863,6042,4780,4171
714,5:57:00,25.1,269,6063,5978,4818,4300,255,5982,6034,4770,4118,229,5844,6049,4685,4171
715,5:57:30,25.1,229,6145,5936,4700,4193,257,6025,6021,4749,4201,257,5807,5999,4692,4213
716,5:58:00,25.1,252,6132,5981,4790,4242,260,5937,5990,4785,4266,248,5802,5870,4700,4124
717,5:58:30,25.1,257,6099,5966,4756,4253,253,5920,6038,4701,4273,227,5815,6016,4744,4152
718,5:59:00,25.1,267,6121,5970,4871,4236,270,6086,6035,4844,4383,232,5976,5921,4785,4225
719,5:59:30,25,246,6002,5967,4791,4225,243,5931,6093,4787,4244,248,5892,6014,4722,4177
720,6:00:00,25,255,6174,5969,4791,4217,235,5874,5974,4916,4286,244,5863,5936,4795,4153
721,6:00:30,25,249,6050,6061,4730,4244,268,6011,6016,4793,4334,252,6002,5941,4683,4163
722,6:01:00,25,274,5947,6040,4738,4311,249,5943,6012,4841,4214,228,5844,5917,4771,4193
723,6:01:30,25,257,6117,5952,4856,4358,235,6027,6108,4884,4277,262,5804,6012,4725,4217
724,6:02:00,25,248,6029,6005,4865,4317,256,5947,6026,4813,4300,248,5868,5967,4651,4107
725,6:02:30,25,267,6147,5962,4787,4323,241,5940,5962,4779,4240,235,5923,5934,4667,4232
726,6:03:00,25,241,6050,5883,4725,4279,224,5917,5962,4834,4300,250,5936,6021,4757,4164
727,6:03:30,25,262,6056,6024,4807,4237,229,5986,5990,4785,4250,240,5894,5983,4667,4151
728,6:04:00,25,238,6096,5976,4777,4275,256,6032,6086,4799,4220,232,5937,5901,4783,4109
729,6:04:30,25,221,6068,5994,4758,4272,261,6006,5988,4736,4219,233,5883,6028,4819,4157
730,6:05:00,25,244,6144,6001,4830,4346,225,6009,6054,4772,4342,229,5969,5926,4732,4149
731,6:05:30,25,250,6125,6003,4725,4264,248,5930,5828,4810,4294,249,5859,5969,4776,4163
732,6:06:00,25,252,6127,5982,4715,4287,269,5983,5897,4775,4333,243,5934,5954,4840,4252
733,6:06:30,25,265,6062,6047,4812,4181,257,6013,6008,4897,4317,234,5910,5965,4685,4106
734,6:07:00,25,224,6093,5927,4754,4248,271,5965,6163,4773,4269,249,5848,6003,4776,4149
735,6:07:30,25,252,6066,6049,4733,4191,249,5996,5924,4800,4345,251,5929,5945,4809,4137
736,6:08:00,25,255,6003,6013,4810,4291,257,5906,5997,4844,4164,240,5836,5972,4712,4163
737,6:08:30,25,255,6069,5989,4824,4235,253,6012,5941,4811,4315,257,5927,5820,4790,4178
738,6:09:00,25,257,5992,5870,4822,4290,240,6014,5960,4749,4256,239,5950,5911,4650,4225
739,6:09:30,25,232,6010,5846,4747,4288,256,5964,6083,4884,4439,234,5890,5887,4780,4217
740,6:10:00,25,253,6079,6035,4751,4251,274,5965,6000,4834,4275,229,5934,5900,4741,4232
741,6:10:30,25,254,6009,6009,4809,4244,249,6061,5988,4794,4342,241,5902,5938,4773,4126
742,6:11:00,25,248,6060,6009,4828,4211,271,5929,5990,4884,4433,236,5970,5988,4674,4276
743,6:11:30,25,250,6208,6037,4742,4235,240,5949,6009,4774,4338,254,5813,5925,4615,4201
744,6:12:00,25,263,6115,5963,4734,4346,239,5998,6008,4712,4275,242,6001,5953,4758,4183
745,6:12:30,25,253,6041,6053,4827,4368,225,5907,5988,4728,4292,225,5749,6062,4763,4124
746,6:13:00,25,233,5982,6070,4704,4316,233,6005,5961,4771,4319,253,5896,6007,4608,4263
747,6:13:30,25,240,6125,5945,4688,4340,238,5947,6011,4816,4301,254,5891,5959,4770,4345
748,6:14:00,25,258,6121,5971,4742,4156,252,5990,5991,4855,4311,237,5933,5965,4721,4153
749,6:14:30,25,252,6144,5979,4831,4317,250,5842,5963,4735,4365,252,5829,6058,4684,4245
750,6:15:00,25,271,6136,5976,4811,4328,227,5924,6062,4823,4231,227,5848,5994,4726,4277
751,6:15:30,25,249,6064,6057,4780,4291,238,5959,5966,4863,4353,258,5887,5791,4765,4134
752,6:16:00,25,265,6139,5902,4792,4273,250,5938,5905,4842,4274,224,5798,5947,4938,4255
753,6:16:30,25,237,6100,5992,4765,4406,235,5924,6025,4789,4330,247,5942,5919,4789,4163
754,6:17:00,25,249,6137,5886,4765,4241,243,5914,5979,4751,4320,237,5943,5968,4717,4229
755,6:17:30,25,264,6114,5942,4768,4249,249,5935,6014,4914,4224,253,5859,5956,4789,4195
756,6:18:00,25,268,6127,6026,4842,4295,251,6036,5959,4824,4307,232,5915,5987,4799,4311
757,6:18:30,25,247,6118,5963,4732,4234,221,5971,6017,4703,4237,239,5949,5889,4721,4186
758,6:19:00,25,276,6033,6075,4770,4272,257,5958,5860,4929,4247,238,5882,5966,4808,4203
759,6:19:30,25,248,6030,5947,4807,4281,230,5965,5919,4833,4213,251,5866,6035,4788,4173
760,6:20:00,25,230,6020,5997,4854,4265,243,6039,6048,4807,4235,242,5954,5881,4610,4124
761,6:20:30,25,221,5999,6012,4780,4282,256,5856,6028,4867,4292,239,5935,6015,4744,4285
762,6:21:00,25,218,6149,5981,4831,4277,227,5962,5948,4791,4330,262,5894,5998,4689,4248
763,6:21:30,25,242,6088,5866,4872,4289,261,5939,5964,4901,4296,246,5894,5997,4825,4198
764,6:22:00,25,239,6125,5989,4763,4298,232,6008,5980,4852,4248,238,5912,5970,4665,4152
765,6:22:30,25,231,6078,5966,4848,4196,236,5936,5997,4804,4287,243,6058,5942,4790,4200
766,6:23:00,25,270,6103,5955,4874,4384,262,5947,5891,4730,4397,219,5927,5932,4844,4196
767,6:23:30,25,247,6041,6105,4836,4218,248,5994,5989,4797,4325,253,5890,5936,4771,4229
768,6:24:00,25,256,6065,5959,4730,4251,246,5908,6103,4787,4265,229,5812,5945,4842,4193
769,6:24:30,25,252,6055,5849,4873,4336,223,6018,6011,4860,4292,248,5816,5952,4752,4198
770,6:25:00,25,232,5991,6085,4908,4351,245,6047,6002,4859,4388,249,5869,5894,4763,4238
771,6:25:30,25,243,5965,5994,4789,4341,253,6061,6027,4768,4342,251,5778,5987,4655,4219
772,6:26:00,25,262,6078,5910,4688,4286,257,5894,6026,4770,4385,250,5797,6020,4747,4199
773,6:26:30,25,249,6079,5972,4719,4329,247,5912,6011,4690,4349,222,5873,5872,4719,4313
774,6:27:00,25,230,6023,5868,4780,4310,237,5951,6041,4878,4329,219,5895,5938,4671,4142
775,6:27:30,25,221,6073,5985,4811,4332,246,6078,6029,4928,4244,227,5846,5963,4778,4273
776,6:28:00,25,263,6075,5940,4807,4289,256,5922,6090,4786,4414,231,6038,5911,4768,4224
777,6:28:30,25,228,5995,5950,4911,4476,228,6017,6004,4780,4324,245,5884,5980,4720,4196
778,6:29:00,25,247,6168,5985,4770,4281,214,6011,6077,4858,4293,243,5873,5921,4776,4188
779,6:29:30,25,252,6041,5920,4817,4294,264,5964,6035,4676,4299,241,5907,5976,4809,4140
780,6:30:00,25,266,6041,5915,4896,4323,257,5953,6020,4826,4304,253,5864,5887,4789,4189
781,6:30:30,25,236,6025,6077,4735,4243,239,5992,6041,4816,4321,250,5766,5973,4814,4172
782,6:31:00,25,253,6054,6004,4767,4240,256,6039,5976,4761,4316,241,5824,6004,4765,4184
783,6:31:30,25,241,6222,6006,4816,4239,242,5953,6029,4812,4287,242,5837,5997,4738,4205
784,6:32:00,25,246,6082,5904,4850,4290,260,6034,5946,4716,4357,244,5866,6002,4730,4310
785,6:32:30,25,244,6087,6075,4880,4394,233,5908,5833,4881,4337,248,5935,6046,4790,4254
786,6:33:00,25,265,6122,6057,4751,4328,243,5972,5985,4896,4312,236,5934,6032,4703,4207
787,6:33:30,25,252,6112,6076,4739,4387,257,6068,5914,4807,4367,232,5882,5905,4653,4226
788,6:34:00,25,229,6092,5950,4707,4364,248,6023,6025,4882,4360,246,5898,5835,4694,4252
789,6:34:30,25,239,5995,5958,4792,4369,258,5966,5972,4774,4421,250,5896,5861,4720,4232
790,6:35:00,25,263,6036,6028,4812,4262,249,5880,5929,4859,4365,230,5969,5950,4802,4211
791,6:35:30,25,225,6161,6015,4742,4264,235,5970,6073,4822,4362,211,5917,5846,4751,4202
792,6:36:00,25,250,5990,6079,4787,4252,240,5944,5985,4916,4427,251,5930,5955,4823,4263
793,6:36:30,25,239,6099,5949,4804,4346,229,5954,5963,4878,4230,249,5878,5870,4727,4305
794,6:37:00,25,238,6043,5931,4814,4388,230,6012,5892,4851,4273,241,5793,5928,4695,4168
795,6:37:30,25,244,6065,5937,4814,4296,242,5946,6052,4941,4341,235,5893,5952,4727,4173
796,6:38:00,25,253,6112,6090,4772,4367,244,6128,5936,4942,4270,267,5771,6005,4789,4265
797,6:38:30,25,276,6051,6022,4970,4297,250,5836,6000,4813,4276,230,5878,5903,4800,4236
798,6:39:00,25,239,6134,5940,4704,4421,240,6039,6032,4885,4346,221,5882,5995,4696,4213
799,6:39:30,25,231,6293,6113,4874,4261,232,5925,6034,4870,4360,252,5763,5936,4686,4231
800,6:40:00,25,234,6054,5999,4853,4311,264,6032,6086,4911,4350,256,5802,6010,4716,4242
801,6:40:30,25,242,5940,5843,4857,4261,231,6048,6048,4791,4328,218,5839,5999,4750,4282
802,6:41:00,25,242,6120,6008,4815,4342,237,5987,5988,4892,4401,246,5776,5919,4757,4133
803,6:41:30,25,261,6066,5907,4784,4367,263,5959,5896,4891,4312,250,5925,5915,4791,4321
804,6:42:00,25,249,6098,5987,4694,4311,249,5870,5970,4858,4313,245,6033,5911,4760,4160
805,6:42:30,25,263,6169,6067,4780,4337,257,5995,5986,4849,4335,242,5930,6028,4722,4202
806,6:43:00,25,257,6131,6096,4794,4344,241,5919,5960,4782,4378,232,5846,5999,4730,4139
807,6:43:30,25,267,6143,6037,4835,4332,257,6041,5962,4719,4357,226,5853,5983,4827,4267
808,6:44:00,25,239,6134,6031,4751,4339,228,6011,5939,4768,4224,259,5881,6078,4801,4197
809,6:44:30,25,247,5996,5955,4691,4328,234,5901,5991,4827,4395,253,5829,5947,4714,4236
810,6:45:00,25,245,6220,5938,4983,4377,236,6012,5915,4845,4413,243,5720,5979,4807,4206
811,6:45:30,25,210,6135,5993,4887,4310,271,6064,5995,4875,4346,236,5811,5948,4744,4322
812,6:46:00,25,247,6071,6024,4865,4296,254,5997,5916,4905,4296,250,5838,5846,4773,4201
813,6:46:30,25,245,6067,6114,4746,4303,235,6024,6058,4950,4422,232,5858,5921,4778,4252
814,6:47:00,25,263,6112,5960,4900,4305,240,6079,5953,4847,4254,247,5922,5909,4838,4193
815,6:47:30,25,236,6032,5964,4866,4381,249,5898,5998,4835,4354,256,5911,5912,4796,4234
816,6:48:00,25,262,6131,5975,4730,4307,232,5900,5990,4870,4307,245,5882,5990,4846,4261
817,6:48:30,25,258,6079,6004,4807,4280,255,5840,5990,4798,4339,212,5880,5929,4706,4248
818,6:49:00,25.1,262,6114,6007,4790,4344,238,5924,5923,4873,4468,272,5877,6008,4865,4316
819,6:49:30,25,234,6014,5960,4891,4391,235,6024,6021,4863,4362,231,5850,5980,4851,4201
820,6:50:00,25,242,6110,5961,4773,4348,231,6063,6041,4789,4383,244,5802,6014,4700,4290
821,6:50:30,25,238,6171,6031,4842,4248,236,6020,6043,4826,4265,254,5994,5974,4833,4245
822,6:51:00,25,241,5976,5918,4863,4352,241,6072,5989,4777,4364,219,5887,5904,4764,4314
823,6:51:30,25,228,5998,6089,4818,4492,232,5966,6082,4881,4346,237,5878,5977,4748,4189
824,6:52:00,25,265,6000,6105,4816,4358,251,6085,6048,4813,4407,236,5828,5934,4681,4236
825,6:52:30,25,215,6047,6085,4824,4300,232,5996,5976,4811,4310,234,5876,5944,4716,4278
826,6:53:00,25,244,6024,6034,4814,4354,258,5997,6023,4875,4341,242,5826,5929,4757,4250
827,6:53:30,25,237,5988,6105,4740,4445,225,6004,5997,4795,4488,232,5848,6021,4711,4267
828,6:54:00,25,229,6167,5949,4776,4358,243,6027,5959,4803,4440,244,5814,5991,4773,4320
829,6:54:30,25,237,6101,5987,4920,4442,245,6043,5903,4767,4250,242,5871,5839,4626,4161
830,6:55:00,25,269,6078,6030,4683,4352,224,5878,6004,4894,4345,235,5894,6003,4762,4333
831,6:55:30,25,254,6007,5983,4855,4317,242,5921,5899,4962,4368,246,5881,5988,4775,4193
832,6:56:00,25,247,6074,5832,4849,4281,248,5920,5995,4799,4415,259,5854,5959,4799,4163
833,6:56:30,25,243,6089,5984,4871,4324,230,5877,6117,4914,4397,241,5780,5976,4818,4335
834,6:57:00,25,261,6062,5856,4812,4355,240,5960,6085,4853,4381,242,5883,6004,4844,4279
835,6:57:30,25,243,6190,5982,4855,4444,231,5958,5993,4803,4389,246,5890,5920,4895,4364
836,6:58:00,25,235,6077,5914,4830,4346,235,5917,6075,4826,4468,244,5925,5951,4826,4256
837,6:58:30,25,248,6122,5976,4849,4345,229,5931,6004,4866,4421,252,5958,5912,4771,4244
838,6:59:00,25,244,6131,6065,4772,4391,255,5875,6078,4803,4395,249,5908,5946,4731,4369
839,6:59:30,25,236,6040,5995,4860,4378,246,6089,5852,4800,4343,228,5927,5898,4910,4193
840,7:00:00,25,256,5928,5957,4903,4226,249,5979,6012,4853,4366,251,5892,5928,4823,4265
841,7:00:30,25,243,6086,6068,4824,4356,229,6113,6073,4912,4371,224,5990,5967,4762,4191
842,7:01:00,25,245,6068,6011,4780,4351,257,6014,6031,4880,4325,248,5977,6032,4803,4324
843,7:01:30,25,278,6131,5961,4882,4458,239,5890,5978,4742,4259,223,5989,5883,4726,4186
844,7:02:00,25,252,5920,5989,4856,4345,258,6041,6071,4823,4464,250,5866,5887,4874,4284
845,7:02:30,25,254,6188,5925,4871,4279,252,5977,6005,4835,4362,247,5905,5949,4772,4299
846,7:03:00,25,257,6119,6087,4860,4331,234,6035,6054,4900,4441,246,5970,5843,4821,4224
847,7:03:30,25,242,6119,5984,4807,4434,245,6069,5969,4844,4320,247,5878,6031,4777,4251
848,7:04:00,25,237,6084,6021,4799,4408,214,5965,5945,4823,4262,264,5921,6008,4726,4308
849,7:04:30,25,247,6113,6002,4824,4375,245,5964,5975,4906,4376,231,5897,5933,4809,4226
850,7:05:00,25,259,6088,6089,4856,4352,232,5943,6025,4851,4422,265,5958,5970,4842,4326
851,7:05:30,25,241,6124,6005,4846,4373,236,6063,5973,4765,4364,234,6008,6054,4821,4190
852,7:06:00,25,230,6115,5963,4904,4407,239,5940,5993,4956,4326,229,5786,6033,4739,4286
853,7:06:30,25,233,6102,5870,4858,4345,228,5956,5935,4764,4299,249,5925,6033,4822,4227
854,7:07:00,25,246,6110,6075,4726,4404,257,5899,6076,4856,4412,242,5804,5889,4684,4278
855,7:07:30,25,260,6078,6091,4829,4386,253,5910,6061,4838,4402,242,5919,6022,4846,4386
856,7:08:00,25,260,6053,6025,4795,4412,247,5974,6006,4906,4485,225,5800,5966,4918,4188
857,7:08:30,25,272,6140,6011,4905,4443,256,5969,6033,4907,4389,243,5829,6014,4816,4365
858,7:09:00,25,268,6127,5918,4796,4339,257,5920,5957,4975,4380,244,5927,5956,4818,4330
859,7:09:30,25,272,6089,5960,4891,4295,259,6004,6096,4821,4400,262,5919,5926,4868,4129
860,7:10:00,25,267,6086,6039,4819,4277,247,5823,5967,4816,4340,230,5903,5887,4816,4339
861,7:10:30,25,243,6044,6008,4840,4315,212,6088,5983,4912,4282,231,5875,5979,4830,4300
862,7:11:00,25,257,6049,5989,4750,4336,237,5949,5962,4846,4419,252,5901,5994,4714,4266
863,7:11:30,25,253,6231,5989,4866,4386,221,6130,6009,4857,4423,245,5862,6036,4760,4291
864,7:12:00,25,259,5992,6094,4916,4318,252,5911,5962,4840,4375,217,5847,5889,4757,4276
865,7:12:30,25,247,6087,6102,4832,4440,225,5903,6139,4910,4362,232,5785,5836,4822,4338
866,7:13:00,25,239,6010,5971,4880,4386,253,6035,5950,4925,4386,233,6046,5891,4795,4240
867,7:13:30,25,229,6132,5983,4883,4408,234,5940,5998,4848,4393,241,5848,5901,4896,4319
868,7:14:00,25,244,6098,6007,4922,4311,242,5802,6041,4914,4415,230,5961,5967,4859,4142
869,7:14:30,25,253,6092,6103,4825,4396,228,6002,6038,4986,4388,243,5878,5906,4855,4224
870,7:15:00,25,256,6040,6052,4846,4336,267,5918,5908,4895,4360,241,5893,6068,4868,4268
871,7:15:30,25,264,6129,6003,4792,4381,241,5945,5963,4853,4319,245,6018,6006,4826,4235
872,7:16:00,25,262,6073,6005,4783,4276,236,5909,5958,4856,4357,218,5970,5995,4823,4233
873,7:16:30,25,237,6033,6007,4853,4375,225,6034,5958,4882,4354,267,5939,5978,4735,4362
874,7:17:00,25,255,6050,5911,4751,4397,242,5944,5907,4859,4442,230,5915,5906,4732,4300
875,7:17:30,25,257,6177,6008,4845,4304,285,6034,6090,4894,4432,224,5935,5997,4823,4322
876,7:18:00,25,268,6161,5967,4915,4367,238,5988,5925,4829,4391,238,5857,5962,4761,4288
877,7:18:30,25,265,5973,5976,4935,4351,251,6001,5977,4831,4391,243,5824,6104,4733,4391
878,7:19:00,25,246,6057,5979,4856,4399,238,5980,6012,4881,4409,266,5802,6017,4792,4212
879,7:19:30,25,246,6085,5872,4818,4339,250,5875,5967,4919,4317,245,5907,5797,4830,4241
880,7:20:00,25,224,6204,5980,4786,4357,266,6006,6037,4895,4353,235,5905,5927,4735,4209
881,7:20:30,25,255,6018,5947,4797,4257,245,6065,6129,4783,4390,231,5857,5978,4808,4252
882,7:21:00,25,215,6023,5957,4848,4316,239,6001,5895,4756,4489,227,5880,5912,4769,4320
883,7:21:30,25,248,6004,5855,4957,4365,241,5960,6047,4962,4410,239,5952,6019,4793,4302
884,7:22:00,25,248,6050,6068,4968,4340,239,6008,5956,4984,4477,209,5832,5938,4869,4285
885,7:22:30,25,255,6103,6001,4887,4340,240,6053,6083,4836,4350,224,5871,5968,4946,4219
886,7:23:00,25,242,6129,6049,4848,4330,249,6047,6017,4884,4397,230,5856,5911,4704,4298
887,7:23:30,25,259,6141,6047,4794,4363,274,5973,6044,4823,4423,247,5840,5961,4806,4254
888,7:24:00,25,219,6135,5948,4790,4423,260,6092,6124,4927,4348,246,5800,5958,4806,4284
889,7:24:30,25,251,6108,6060,4859,4419,253,5959,6107,4933,4421,260,5877,5962,4858,4259
890,7:25:00,25,224,6201,6033,4868,4355,255,5903,5891,4922,4465,265,5938,5987,4903,4296
891,7:25:30,25,238,6056,5889,4830,4433,246,5882,6006,4817,4444,239,5927,6025,4870,4287
892,7:26:00,25,242,6063,6008,4861,4383,236,6044,5962,4812,4429,245,5852,5976,4866,4410
893,7:26:30,25,246,6032,6030,4981,4361,269,6080,5924,4785,4451,239,5908,5881,4896,4301
894,7:27:00,25,248,6099,6002,4826,4340,241,5971,6142,4861,4334,257,5888,5929,4862,4335
895,7:27:30,25,257,6017,6038,4835,4421,241,6046,5909,4913,4402,240,5831,5911,4877,4234
896,7:28:00,25,241,6077,5947,4834,4494,242,6055,5972,4830,4438,246,6008,5943,4831,4277
897,7:28:30,25,226,6147,5932,4870,4368,243,5903,5976,4933,4393,241,5889,5958,4796,4270
898,7:29:00,25,230,6018,5959,4840,4357,237,5953,6076,4893,4442,233,5813,5926,4788,4319
899,7:29:30,25,263,6068,6014,4831,4428,224,6040,6007,4904,4440,243,5893,5927,4741,4303
900,7:30:00,25,240,6080,5913,4897,4430,232,6002,5963,4937,4376,242,5876,5993,4859,4269
901,7:30:30,25,246,6118,5927,4936,4370,228,5970,5984,4884,4376,237,5904,5927,4807,4247
902,7:31:00,25,234,6001,5903,4765,4408,251,5920,6011,4874,4480,236,5902,5915,4775,4272
903,7:31:30,25,265,6103,5970,4815,4380,251,5934,6034,4809,4421,238,5842,5899,4768,4231
904,7:32:00,25,249,6162,6054,4894,4461,245,6010,5997,4916,4363,256,5753,5916,4784,4328
905,7:32:30,25,254,6095,6054,4782,4466,217,5953,5967,4888,4481,242,5876,6020,4828,4313
906,7:33:00,25,252,6178,6037,4876,4396,224,6078,5897,4772,4417,246,5902,5850,4810,4451
907,7:33:30,25,229,6015,5972,4908,4424,265,6002,6098,4915,4424,247,5982,5899,4782,4312
908,7:34:00,25,264,6044,6031,4966,4412,246,5838,5987,4900,4422,224,5928,5970,4850,4363
909,7:34:30,25,249,6108,6057,4818,4378,269,5980,5984,4814,4336,251,5924,6045,4751,4340
910,7:35:00,25,262,5965,6000,4863,4455,218,5898,6045,4948,4363,214,5888,5940,4813,4298
911,7:35:30,25,249,6023,6009,4850,4437,247,5928,5880,4862,4412,232,5916,6064,4946,4362
912,7:36:00,25,253,6105,6104,4981,4490,231,6003,6036,4943,4448,261,5901,6110,4761,4283
913,7:36:30,25,248,6120,6056,4968,4381,243,5957,6163,4879,4381,272,5938,5934,4885,4281
914,7:37:00,25,270,6178,6044,4912,4395,251,5945,6020,4896,4435,260,5769,5934,4854,4338
915,7:37:30,25,243,5965,5904,4918,4411,239,6022,6021,4869,4402,250,5924,5873,4813,4322
916,7:38:00,25,238,6169,6031,4889,4434,250,6141,5833,4919,4425,241,5889,6020,4781,4341
917,7:38:30,25,247,6082,5967,4902,4433,255,5942,5945,4874,4379,238,5736,5953,4854,4352
918,7:39:00,25.1,249,6214,6008,4873,4427,239,5958,5986,4884,4499,233,5849,5977,4860,4375
919,7:39:30,25,253,6093,5912,4936,4431,223,6026,6063,4911,4396,260,5917,5975,4828,4380
920,7:40:00,25,237,6169,6075,4917,4352,226,5856,6024,4858,4467,242,5900,6085,4799,4301
921,7:40:30,25,223,6108,5932,4953,4390,228,5955,5988,4887,4408,246,5947,5970,4770,4361
922,7:41:00,25,252,6041,6056,4902,4415,266,5853,6080,4897,4356,261,5815,6069,4831,4400
923,7:41:30,25,229,6207,5977,4895,4355,250,5991,6068,4939,4339,232,5854,5957,4863,4280
924,7:42:00,25,259,6090,5952,4792,4449,252,5926,5982,4879,4430,226,5859,5834,4822,4285
925,7:42:30,25.1,247,6113,6014,4913,4452,242,6015,6004,4971,4443,246,5780,6015,4821,4293
926,7:43:00,25,259,6018,5918,4828,4375,236,5972,6055,4957,4448,251,5899,5862,4788,4299
927,7:43:30,25.1,260,6067,5955,4898,4413,248,5968,6026,4856,4420,241,5863,5995,4866,4239
928,7:44:00,25.1,228,6149,5956,4846,4373,241,6025,5910,4857,4494,232,5907,5888,4835,4391
929,7:44:30,25.1,244,5977,6049,4957,4418,240,5928,6029,4914,4452,242,5906,5936,4743,4412
930,7:45:00,25.1,248,6149,5952,4826,4405,253,5919,5987,4839,4361,246,5856,6028,4761,4404
931,7:45:30,25.1,239,6065,5988,4719,4355,230,5981,5948,4783,4423,248,5833,5892,4796,4343
932,7:46:00,25.1,260,6141,6030,4838,4467,247,5998,6093,4921,4396,231,5874,5903,4873,4436
933,7:46:30,25.1,233,6141,5923,5016,4355,259,5956,5998,4859,4439,225,5862,5990,4850,4306
934,7:47:00,25.1,228,6036,6037,4925,4382,236,6082,6013,4900,4483,265,5853,5887,4871,4366
935,7:47:30,25.1,251,6075,5963,4940,4518,237,6001,5992,4931,4421,263,5917,5947,4890,4348
936,7:48:00,25.1,247,6006,6002,4859,4449,272,5988,6015,4800,4329,234,5977,5891,4795,4453
937,7:48:30,25.1,248,6075,5907,4922,4414,247,5905,6038,4841,4419,241,5832,5976,4786,4290
938,7:49:00,25.1,260,6102,5955,4771,4406,240,5933,6056,4896,4405,229,5861,5732,4844,4319
939,7:49:30,25.1,273,6002,6039,4778,4412,254,5845,5945,4888,4449,244,5922,5962,4875,4347
940,7:50:00,25.1,257,6089,6017,4825,4392,250,5924,5921,4948,4364,235,5847,5989,4872,4344
941,7:50:30,25.1,233,6069,6029,4787,4461,244,5964,6047,4830,4449,268,5845,5950,4860,4413
942,7:51:00,25.1,245,6023,5892,4790,4398,241,5945,6034,4785,4454,245,5862,5865,4752,4376
943,7:51:30,25.1,281,6067,5932,4864,4429,247,5910,6002,4927,4375,243,5889,5923,4844,4347
944,7:52:00,25.1,242,6213,5832,4887,4379,234,5943,5986,4876,4451,248,5877,5912,4774,4346
945,7:52:30,25.1,264,6014,6059,4812,4449,241,6112,6081,4933,4505,235,5938,6013,4816,4313
946,7:53:00,25.1,240,5980,5956,4959,4417,239,5983,5802,4931,4543,257,5811,5897,4826,4334
947,7:53:30,25.1,242,6068,5978,4928,4405,267,5874,6045,4881,4340,222,6023,5976,4799,4353
948,7:54:00,25.1,264,6001,5947,4908,4464,250,5989,6013,4846,4456,266,5976,5940,4838,4346
949,7:54:30,25.1,253,6055,6043,4916,4370,252,5883,5878,4883,4371,240,5857,5983,4727,4312
950,7:55:00,25.1,235,6130,6091,4849,4523,236,5957,6005,4891,4482,243,5841,5882,4771,4332
951,7:55:30,25.1,243,5930,5997,4830,4468,226,5884,5925,4916,4464,240,5974,6021,4810,4338
952,7:56:00,25.1,235,6165,5998,4842,4361,235,5846,5885,4886,4482,245,5889,5890,4822,4414
953,7:56:30,25.1,240,6093,5962,4955,4499,246,6048,5963,4807,4388,242,5882,6033,4801,4291
954,7:57:00,25.1,230,6016,5934,4910,4392,251,5938,6014,4884,4419,223,5907,5948,4831,4342
955,7:57:30,25.1,237,6071,5990,4953,4383,242,5993,5923,4891,4506,238,5827,5837,4699,4322
956,7:58:00,25.1,239,6151,5973,4945,4421,264,5966,6055,4816,4455,245,5860,5881,4893,4322
957,7:58:30,25.1,258,5996,5924,5070,4464,257,5886,6072,4846,4458,247,5854,5927,4875,4318
958,7:59:00,25.1,253,6137,6007,4874,4453,224,5885,6093,4915,4436,239,5819,5960,4833,4341
959,7:59:30,25.1,264,6136,5873,4905,4451,236,5913,6029,4866,4460,252,5879,5942,4861,4318
960,8:00:00,25.1,241,6085,5981,4869,4410,259,6044,6073,4829,4391,237,5733,5975,4889,4363
