',time,R + G3,R + G3 + G2,R + G3 + G2 + G1,R + G3 + T3,R + G3 + G2 + T2,R+ G3 + G2 + G1 + X,nn R + G3,nn R + G3 + G2,nn R + G3 + G2 + G1,nn R + G3 + T3,nn R + G3 + G2 + T2,nn R+ G3 + G2 + G1 + X
0,0,4083,4040,4139,4275,4226,4190,4084,3881,4189,4192,4232,4122
1,60,4029,4290,4190,4089,4097,4077,4010,4129,4109,4205,4169,4291
2,120,3916,4438,4110,4437,4210,4318,3920,4017,4150,4616,4443,4033
3,180,4209,4249,4070,4440,3723,4633,4102,4291,4161,4834,4543,4596
4,240,4343,4161,4195,4506,3954,4572,4167,4367,4249,5464,4796,4507
5,300,4272,4320,4275,4514,4158,4586,4162,4142,4478,5464,4904,4648
6,360,4039,4296,4271,4482,4530,4547,4029,4265,4509,5893,5124,4904
7,420,4394,4114,3836,4472,4522,4924,4214,4001,4362,5955,5484,5285
8,480,4064,4422,4237,4860,4468,4540,4048,4409,4366,6099,5561,5335
9,540,4148,4159,4299,5177,4509,4886,4437,4393,4643,6488,5537,5604
10,600,4417,4043,4351,5260,4581,4766,4409,4591,4538,7109,6153,6023
11,660,4095,4337,4251,5115,4893,4879,4121,4514,4460,7163,6427,5844
12,720,4286,4182,4423,5102,4848,5113,4363,4448,4392,7524,6557,6230
13,780,4439,4422,4489,5288,5214,5015,4082,4301,4744,8019,6630,6463
14,840,4363,4593,4257,6004,4967,5037,4340,4482,4440,8223,7033,6641
15,900,4330,4134,4156,5968,5284,5424,4297,4747,4600,8052,7298,6357
16,960,4456,4523,4025,5885,5402,5291,4342,4630,4680,8411,7148,7160
17,1020,4343,4569,4680,5956,5479,5287,4060,4760,4422,8817,7643,7165
18,1080,4337,4466,4335,5887,5478,5781,4253,4569,4849,8816,7552,7704
19,1140,4414,4434,4584,6531,5523,5574,4225,4692,4603,9417,7950,7586
20,1200,4575,4439,4404,6682,5854,5661,4149,4589,4695,9490,8144,7410
21,1260,4085,4727,4401,6800,6326,6082,4259,4908,4795,9846,8323,7729
22,1320,4278,4383,4490,6836,6294,6140,4151,4470,4915,10048,8272,7967
23,1380,4349,4371,4694,7080,6492,5911,4268,4792,4353,10071,8923,8146
24,1440,4263,4646,4696,7436,6543,5980,4128,4625,4649,10228,8822,8085
25,1500,4175,4572,4430,6670,6645,6291,4168,4834,4855,9972,9081,8439
26,1560,4137,4458,4379,7152,6662,6183,4353,4555,4883,10686,8994,8675
27,1620,4464,4432,4452,7272,6863,6371,4223,4669,4837,10693,9231,8612
28,1680,4235,4662,4819,7437,6649,6433,4406,4743,4739,10770,9397,8926
29,1740,4172,4961,4769,7605,6871,6680,4348,4559,5075,11013,9638,9412
30,1800,4548,4583,4802,7605,7317,6893,4379,4504,4813,10983,9620,9138
31,1860,4447,4902,4523,7550,6971,6886,4186,4792,4523,11476,9700,9275
32,1920,4277,4656,4674,7814,7578,6717,4242,4584,4764,11150,10047,9353
33,1980,4658,4481,4690,8143,7510,6887,4113,4690,4565,11634,9553,9589
34,2040,4419,4995,4409,8175,7322,7229,3775,4704,4678,11498,9879,9811
35,2100,4344,4924,4694,8245,7562,7001,4330,4827,4626,11408,10281,9999
36,2160,4428,4931,4664,8323,7615,7696,4312,4748,5065,11649,10240,9655
37,2220,4514,4893,4609,8794,7812,7131,4432,4728,4848,11846,10088,10015
38,2280,4429,4885,4853,8244,7845,7433,4223,4790,4786,12005,10313,9731
39,2340,4379,4910,4783,8812,7981,7702,4269,4921,4786,12100,10402,10183
40,2400,4562,4770,4592,8756,8308,7877,3985,4718,4935,12214,10439,10330
41,2460,4458,4767,4599,8741,8247,7744,4242,4382,4826,12485,11010,10478
42,2520,4409,4986,4846,8846,8158,7665,4262,4561,4826,12739,10551,10201
43,2580,4541,4656,4554,8860,8285,7802,4396,4641,4726,12592,10807,10645
44,2640,4670,4933,4688,9202,8747,7945,4290,4375,4896,12327,10949,10440
45,2700,4390,4622,4724,9530,8657,7974,4299,4692,4953,12641,11076,10544
46,2760,4278,4702,4630,9042,8577,7876,4600,4573,4962,13119,11335,10774
47,2820,4572,4946,4931,9327,8874,8235,4248,4688,4776,12808,11276,10879
48,2880,4397,4953,4744,9746,8720,8510,4114,4640,4836,12972,11588,10391
49,2940,4574,5056,4809,9561,8994,8523,4427,4891,4979,12646,11435,10858
50,3000,4473,4933,4847,9558,9206,8506,4615,4803,5082,12880,11605,10528
51,3060,4548,4798,4770,9571,9344,8900,4296,4787,4874,12721,11129,10939
52,3120,4555,4877,4969,9917,8933,8358,4223,4580,4952,12955,11941,11189
53,3180,4543,4711,4825,9767,9070,8891,4370,4865,5064,12951,11694,10940
54,3240,4360,5140,5026,9854,9253,8817,4306,4866,4866,13098,11752,11304
55,3300,4328,4940,4901,9643,9426,9247,4309,4935,5108,13588,11712,10649
56,3360,4498,4907,4919,10258,9513,8914,4380,4914,5063,13010,12010,11463
57,3420,4558,5053,4584,10329,9709,9118,4441,4865,4936,13098,11937,11260
58,3480,4645,4999,4938,10315,9697,9431,4418,4779,4900,12924,12119,10953
59,3540,4370,4836,4943,9915,9791,9068,4338,4548,4946,13875,12090,11587
60,3600,4480,4914,5299,10432,9948,9584,4493,4739,5087,13390,12179,11760
61,3660,4551,4924,4759,10299,10233,9696,4291,4888,5027,13265,12129,11627
62,3720,4600,5096,5048,10313,9747,9583,4178,4958,4682,13377,12264,11730
63,3780,4549,4999,4806,10602,9831,9549,4452,4721,5063,13394,11986,11851
64,3840,4413,4779,4848,10287,10147,9455,4024,4982,4816,13406,12517,11530
65,3900,4424,4976,5121,10682,10077,9896,4251,4968,4897,13832,12459,11589
66,3960,4899,4962,4666,10789,9941,10129,4034,4909,4802,13674,12494,11976
67,4020,4298,5086,4877,10783,10269,9856,4623,5009,4712,13515,12511,12275
68,4080,4489,5091,5161,10966,10246,10069,4362,4562,4883,14127,12614,12197
69,4140,4799,5154,5101,10862,10612,10098,4215,4929,4483,13700,12267,11445
70,4200,4857,5283,4786,11523,10255,10019,4210,4953,4858,13888,12560,12045
71,4260,4627,5011,4874,11001,10548,10302,4479,4806,4965,13833,12468,11814
72,4320,4596,4928,4888,11131,10473,9753,4514,5121,4992,13716,12712,12269
73,4380,4752,4890,5001,11197,10656,10223,4606,4568,5036,14008,12668,12251
74,4440,4625,4807,4911,10927,10845,10296,4193,4825,5009,13803,12819,12206
75,4500,4662,5083,4822,11318,10821,10253,4571,4748,4842,13713,12739,12021
76,4560,4772,5067,5121,11262,10898,9966,4398,4897,4783,14101,12839,12650
77,4620,4756,5055,5111,11329,11077,10767,4397,5077,5254,13852,12914,12215
78,4680,4591,5061,4938,11311,10912,10962,4634,5170,4842,14831,12962,12626
79,4740,4759,5015,4840,11503,11372,10662,4149,4494,4975,14162,13119,12122
80,4800,4593,5107,5312,11411,11187,10422,4376,4781,4799,13864,12702,12695
81,4860,4762,4987,5041,11003,11116,10568,4298,4635,5090,13821,12928,12432
82,4920,4654,4752,4927,11772,11684,10991,4420,4625,4899,13940,12942,12361
83,4980,4568,5097,5104,11988,11352,10988,4393,4709,4895,14329,13504,12496
84,5040,4785,5042,4777,11886,11726,11284,4382,4801,5058,14039,13357,12868
85,5100,4747,5295,4613,11906,11234,11179,4465,4675,4822,14461,13045,12829
86,5160,4908,4932,4821,11934,11487,11187,4277,4628,5031,13737,13223,12887
87,5220,4558,4737,4894,11793,11467,10942,4228,4761,4958,14255,13175,12857
88,5280,4705,5216,5238,12153,11594,11149,4268,4858,4948,14306,13259,12995
89,5340,4605,5200,4888,11724,11906,10841,4267,4896,5142,14784,13227,12704
90,5400,4639,5152,4969,12023,11558,11016,4408,4516,4927,14468,13446,12750
91,5460,4569,5057,5152,11618,11919,11520,4406,4817,5066,14444,13139,12327
92,5520,4933,5141,5079,12236,11717,10929,4221,4740,5098,14278,13423,13145
93,5580,4460,5301,5341,12315,11891,11451,4384,4650,5026,14192,13437,13162
94,5640,4658,5001,4903,12755,11890,11397,4368,4810,4731,14149,13705,12606
95,5700,4770,5236,4900,12248,12124,11248,4311,4765,4826,14635,13824,12981
96,5760,4554,4854,4759,12435,11829,11301,4463,4747,4908,14350,13486,12805
97,5820,4456,5430,4917,12408,12383,11489,4312,4867,4896,14578,13835,13051
98,5880,4606,5354,5095,12404,12074,11389,4055,4902,4884,14786,13388,13032
99,5940,4435,5400,5057,12328,12264,11702,4313,4952,5044,13988,13622,12885
100,6000,4568,5238,5042,11940,12186,11764,4465,4792,4798,14057,13849,13060
101,6060,4676,5095,4792,12425,12123,12064,4175,4629,5131,14652,13979,13369
102,6120,4482,5153,5208,12290,12251,11881,3978,4412,5034,14418,13525,13614
103,6180,4807,5167,5058,12361,12916,12337,4196,4712,5063,14297,14135,12572
104,6240,4782,4925,5314,12689,12244,11666,4284,4777,4993,15420,13665,12962
105,6300,4715,5244,5178,12592,12502,11916,4533,4602,4866,14759,13863,13465
106,6360,4660,5288,4883,12716,12331,11704,4326,4741,4954,14437,13648,13261
107,6420,4913,5274,5321,12791,12548,11990,4436,4778,4889,14394,13671,13272
108,6480,4584,5006,5094,12695,12544,12544,4419,4607,4719,14646,13746,12875
109,6540,4650,5171,5018,12972,12238,12083,4301,4722,4866,14744,14305,13193
110,6600,4639,5164,5021,12785,12425,12283,4277,4563,4966,14749,13447,13372
111,6660,4826,5459,4801,13125,12454,12186,4289,4526,5194,14797,13964,13175
112,6720,4645,4961,5209,12756,12833,12036,4097,4924,5114,14987,14373,13831
113,6780,4758,5183,5079,12825,12604,12347,4249,4634,4821,15122,13757,13334
114,6840,4511,5045,5129,13169,12870,12222,4238,4533,5183,15048,14132,13516
115,6900,4612,5179,5236,13118,13170,11725,4314,4908,5016,15208,14396,13757
116,6960,4521,5322,5073,12907,12559,12595,4512,4714,4942,15039,14348,13714
117,7020,4820,5248,4855,12924,12475,12010,4505,5072,4999,15153,14305,13467
118,7080,4590,5432,5182,13296,12909,12836,4506,5074,5091,14895,14770,13698
119,7140,4697,5271,5021,12739,13093,12268,4279,4694,4807,14549,14019,13680
120,7200,4719,5101,5033,12906,12938,12368,4641,4597,4901,14538,14064,14176
121,7260,4573,4920,5063,13200,13084,12347,4064,4804,4787,14489,14603,13790
122,7320,4558,5195,5079,13102,12655,12347,4323,4905,4919,14613,14263,13874
123,7380,4464,5094,5065,13211,12794,12763,4175,4686,4898,15065,14600,13911
124,7440,4832,5068,5360,13807,12913,12771,4490,4849,4850,14969,14841,13734
125,7500,4638,5204,5058,13349,13475,12296,4472,4760,5095,14629,14549,13309
126,7560,4726,5178,5028,13046,13240,12622,4271,4647,4711,14807,14462,13992
127,7620,4687,5342,5007,13622,13155,12805,4338,4706,4676,14545,14592,14102
128,7680,4663,5122,4829,13389,12843,12921,4572,4876,4899,15042,14140,14172
129,7740,4677,5001,5012,13901,13425,13152,4193,4606,4886,14978,14503,13730
130,7800,4589,5396,4968,13267,13138,13168,4370,4834,4792,15047,13989,13859
131,7860,4594,5347,5195,13226,13238,12717,4279,4799,5001,14850,14184,13729
132,7920,4559,5174,5100,13123,13634,12754,4213,4774,4809,15128,14388,13788
133,7980,4490,4904,4979,13691,13615,12725,4061,4905,4850,15104,14648,13922
134,8040,4664,5345,5197,13358,13149,12749,4307,4856,5052,14719,14342,14677
135,8100,4689,5204,4960,13662,13261,13299,4265,4570,4752,14881,14274,14214
136,8160,4793,5274,5032,13217,13803,13088,4278,4732,5072,15117,14537,14210
137,8220,4661,5084,5202,13617,13650,13354,4431,4886,4846,14930,14535,13604
138,8280,4887,5242,5170,13401,13647,13235,4057,4960,4984,14935,14477,14148
139,8340,4546,5089,4922,14042,13826,13583,4296,4777,4881,14926,14757,14194
140,8400,4872,5209,5217,13419,13878,12942,4498,4651,4847,14625,14406,13875
141,8460,4820,5197,5261,13302,13276,12827,4047,4785,4872,14616,14828,14256
142,8520,4897,5181,5039,13634,13954,13007,4044,4900,4862,15125,14791,14624
143,8580,4713,5328,5059,13548,13476,13965,4371,4723,4675,14804,14590,13927
144,8640,4810,5380,4854,13842,13662,13143,4597,4639,4637,15019,15189,14440
145,8700,4630,5390,5185,13565,13624,13269,4453,4858,4731,14543,15346,14481
146,8760,4570,5454,5299,13668,13710,13463,4643,4585,4954,14424,14282,14755
147,8820,4885,5243,5076,13975,14032,13530,4372,4854,4773,14612,14383,14373
148,8880,4462,5150,5083,13956,13932,13196,4198,4654,4929,14824,15023,14222
149,8940,4459,5109,4981,12821,13945,13850,4211,4792,5180,14504,14946,14438
150,9000,4530,5151,4848,13910,13849,13655,4190,4658,5336,14361,14740,14480
151,9060,4746,5250,5085,14117,13879,13394,4377,4796,4774,14977,14634,14067
152,9120,4725,5195,5327,14006,13848,13149,4310,4940,4763,15421,14713,14163
153,9180,4601,5422,5271,13924,13561,13474,4315,4919,4820,15101,15148,14618
154,9240,4654,5420,4926,13892,13441,13936,4514,4507,4890,14669,15170,14649
155,9300,4550,5289,5341,13871,14027,13471,4467,4758,4826,15249,14863,14168
156,9360,5001,5253,5207,14066,14064,13288,4272,4914,5092,14912,14606,14721
157,9420,4289,5101,4965,13857,13650,13670,4195,4927,4757,14995,14752,14475
158,9480,4523,5315,5164,14051,14596,13736,4365,4901,4951,14816,15072,15239
159,9540,4799,5531,5306,14137,14245,13388,4606,4748,4866,14763,15417,14884
160,9600,4661,5565,5019,14372,14210,13602,4421,4883,4873,14788,15182,14802
161,9660,4741,5466,4948,14033,14471,14148,4135,5023,4994,14713,14834,14893
162,9720,4791,5347,5284,13647,14360,13792,4209,4782,4877,14692,15275,14720
163,9780,5050,5448,5086,14036,13940,14002,4511,4625,4911,14445,14628,14840
164,9840,4554,5195,4939,14020,14265,13762,4263,4742,4933,14743,15591,15232
165,9900,4598,5382,5416,14395,14330,13919,4440,4945,4803,14555,15201,14662
166,9960,4622,5279,5139,14208,14589,14083,4234,4893,4800,14757,14971,14875
167,10020,4787,5155,5133,14249,14455,14006,3828,4927,5189,14344,15333,15043
168,10080,4636,5465,5195,13999,14449,13489,4214,4589,4841,15177,15468,14479
169,10140,4713,5349,5081,14671,14171,13907,4455,5011,5030,15261,15036,14980
170,10200,4553,5193,5012,14478,14574,13954,4456,4631,4743,14721,15190,14739
171,10260,4614,5315,5077,14351,14198,13795,4409,4810,5058,14464,15449,15140
172,10320,4936,5223,5120,14457,14251,13504,4233,4928,4823,14954,15099,14469
173,10380,4611,5164,5085,14558,14589,14253,4320,4807,5054,14739,15646,14466
174,10440,4588,5088,5303,13692,14428,14005,4593,4838,4576,15669,15188,14995
175,10500,4764,4965,5240,14091,14560,14247,4294,4740,4712,14593,15108,14921
176,10560,4575,5366,5371,14418,14758,13896,4359,4801,5156,15140,15370,14770
177,10620,4595,5095,5168,14477,15095,14299,4138,4960,5195,15156,15487,14952
178,10680,4683,5128,5362,14436,14421,13882,4256,4875,4752,14989,15871,14831
179,10740,4885,5118,5177,14161,14554,14337,4185,4860,5108,14885,15286,15043
180,10800,4937,5167,5357,13959,14279,14201,4036,4694,5051,15488,15010,15008
181,10860,4649,5198,5277,14122,14354,13964,4331,4956,5035,14934,15098,15203
182,10920,4591,5336,5301,14404,14427,13982,4371,4900,5126,14915,14738,15079
183,10980,4613,5432,5383,14811,14655,13537,4278,4817,5066,14715,15632,15017
184,11040,4862,5288,5250,13846,14898,14561,4364,4769,5089,15351,15590,14697
185,11100,4805,5241,4911,14246,14527,14007,4644,4437,4789,14735,15122,14976
186,11160,4753,5295,5224,14528,14990,14186,4522,4886,5407,15077,15484,15183
187,11220,4633,5140,5139,14306,14902,14152,4351,4573,5039,14383,15055,15012
188,11280,4712,5390,5355,14495,14942,14258,4345,5009,4844,14586,15221,15450
189,11340,4666,5414,5147,14333,15010,14166,4415,4792,4908,15065,15651,14900
190,11400,4699,5133,5203,14265,14446,14113,4297,4769,4804,14749,14758,15144
191,11460,4826,5321,5207,14437,14950,14315,4475,4683,4927,14825,14976,15394
192,11520,4722,5135,5035,14636,14508,14234,4202,4722,4705,15101,15354,15108
193,11580,4535,5243,5183,14463,14833,14474,4179,4795,4874,14675,15118,15446
194,11640,4449,5389,5065,14684,14515,14426,4253,4800,4855,15042,15379,15056
195,11700,4525,5060,5343,14783,14905,14379,4348,4628,4848,15044,15357,15170
196,11760,4918,5288,5039,14317,14643,14532,4684,4612,4845,14975,15390,15222
197,11820,4472,5217,5257,14395,14968,14115,4225,4616,4938,14891,15463,14774
198,11880,4541,5792,5042,14513,14916,13937,4419,5071,4829,15050,15276,15368
199,11940,4655,5193,5359,15003,14728,14898,4353,4767,4659,14925,15450,15616
200,12000,4364,5514,4920,14485,14825,14762,4568,4547,5069,14545,14889,14952
201,12060,4722,5566,5367,14499,14937,14406,4645,4824,5207,14679,15214,15128
202,12120,4430,5700,5138,14953,15147,14380,4328,4785,5138,14450,15427,15295
203,12180,4766,5159,5335,14822,15022,14724,4465,5070,5141,15221,15444,15518
204,12240,4587,5495,5226,14815,15214,14462,4302,4746,4872,14909,15456,14878
205,12300,4499,5447,5171,14824,14678,14637,4247,4657,4986,15038,15434,15252
206,12360,4678,5121,5254,14592,15044,14565,4195,5064,5054,14864,15483,14942
207,12420,4528,5367,5041,14712,14808,14648,4511,4686,4781,15196,15467,15564
208,12480,4601,4852,5019,14852,14914,14893,4383,4789,4886,14916,15905,15788
209,12540,4912,5203,5130,14744,14975,14219,4629,4473,5205,14995,15460,15573
210,12600,4780,5471,5195,15157,15074,14761,4420,4611,4851,14901,15917,15417
211,12660,4457,5310,5498,14645,14715,14664,4386,4701,4769,15040,15130,15230
212,12720,4404,5099,5484,14294,14905,14735,4281,4841,4940,15229,15787,15296
213,12780,4912,5163,5092,14903,14958,14656,4187,4752,4786,14868,15618,15679
214,12840,4434,5292,4895,15307,15506,14840,4222,4803,4924,15391,15158,15616
215,12900,4700,5191,5098,14126,15486,14463,4421,4834,4965,14912,15278,15032
216,12960,4554,5233,4814,15220,15015,14665,4245,4770,4936,14768,15603,15650
217,13020,4935,5527,5176,14792,15110,14557,4533,4768,5067,14643,15669,15763
218,13080,4737,5258,5473,14338,15132,14756,3993,4829,4747,15196,15202,15679
219,13140,4865,5272,5210,14632,14894,14259,4198,4751,5235,15005,15895,15599
220,13200,4623,5325,5125,14775,15143,14611,4294,4539,4686,14772,15746,16000
221,13260,4784,5346,5348,14679,15494,14545,4487,4885,5078,14718,15647,15829
222,13320,4832,5401,5174,14723,15194,14909,4568,4600,4824,15079,15821,15150
223,13380,4829,5193,4989,14738,15432,15067,4210,5043,4949,14964,15546,15756
224,13440,4504,5055,5086,14533,15057,15009,4462,4752,4884,15107,15622,15432
225,13500,4594,5265,5133,14519,15276,14763,4409,4827,4673,15192,15756,14851
226,13560,5017,5340,5269,14360,15321,14685,4372,4582,5140,14980,16067,16034
227,13620,4611,5151,4993,15096,15399,14471,4209,4864,5058,15117,15247,14874
228,13680,4614,5466,5282,14913,15054,14293,4211,4695,4971,15017,15679,15992
229,13740,4777,5514,5439,14825,15879,14332,4093,4746,4846,14643,15764,15440
230,13800,4805,5251,5311,14670,14981,15000,4597,4689,4765,14831,16005,15316
231,13860,4749,5248,4954,15350,15357,14719,4362,4901,4883,15281,15446,15566
232,13920,4828,5179,5094,15154,15699,15138,4438,4718,4822,15262,15701,15630
233,13980,4367,5357,4887,14811,15585,15113,4064,4614,4900,15455,15604,15486
234,14040,4856,5235,5317,14720,15040,14448,4449,4858,4828,15262,15317,15761
235,14100,4656,5428,5197,15055,15605,14999,4293,5022,4793,15038,15486,15638
236,14160,4706,5335,5324,15301,15080,14975,4267,4661,4845,14846,15746,15680
237,14220,4715,5490,5182,14639,15339,14980,4391,4585,5049,15099,15820,16008
238,14280,4757,5370,5197,14787,15592,14844,4367,4673,5172,15071,15808,15544
239,14340,4882,5378,4930,14621,15724,14723,4246,4828,5081,14720,15285,15347
240,14400,4684,5133,5208,14803,15516,14877,4313,4715,4967,14703,15494,15699
241,14460,4709,5195,4964,15080,15721,14847,4411,4536,5122,15182,15688,15866
242,14520,4563,5314,5261,14708,15970,14750,4170,4850,4856,15399,15618,15913
243,14580,4618,5106,5410,14819,15563,15163,4134,4744,4683,15205,15671,15120
244,14640,4635,5392,5292,14976,15003,15417,4084,4841,4725,14882,15612,15639
245,14700,4460,5237,5204,14604,16120,14988,4393,4811,5035,15176,15677,15439
246,14760,4436,5428,5167,15088,15578,15133,4206,4742,4763,15311,15578,15410
247,14820,4750,5451,5137,14899,15325,14782,4252,5081,4832,14918,15682,15024
248,14880,4414,5250,5221,15083,15463,14827,4132,4797,4784,14748,15876,15655
249,14940,4627,5174,5432,15103,16102,14703,4346,4748,4581,15211,15511,15566
250,15000,4446,5250,5289,15197,15618,14860,4140,4683,4919,14656,15691,15444
251,15060,4904,5284,5183,14363,15892,15040,4471,4887,4780,14731,15939,15292
252,15120,4442,5492,5069,15234,15365,15459,4486,4739,5101,14724,15420,15812
253,15180,4797,5303,5197,15067,15860,15033,4272,4678,4894,15642,15066,15684
254,15240,4707,5166,5310,14905,15701,14915,4351,4652,5124,14987,15482,15650
255,15300,4379,5088,5084,14986,15114,15131,4491,4658,4990,14875,16083,15672
256,15360,4551,5039,5215,14490,15310,15261,4429,4910,4920,15439,15910,15434
257,15420,4671,5053,5188,15562,15881,14772,4248,4747,5051,15479,15572,15210
258,15480,4704,5532,5012,14995,15773,15554,4282,4867,4877,15099,15529,15920
259,15540,4559,5350,5423,15428,15532,15596,4298,4948,4868,14794,15710,15535
260,15600,4674,5116,5177,15091,16329,14842,4200,4491,5080,15065,15585,15563
261,15660,4609,5329,5007,14579,15812,15015,4466,4675,4712,14823,15494,15733
262,15720,4503,5081,5246,14999,15920,15178,4166,4744,4881,15296,15827,15660
263,15780,4510,5353,5410,14780,15717,15608,4567,4651,4825,14817,15730,15620
264,15840,4599,5370,4925,14984,16006,15517,4099,4922,5066,14982,15658,15270
265,15900,4656,5473,5470,14492,15858,14939,4342,4813,4925,15040,15476,15871
266,15960,4727,5095,5204,15439,15918,14959,4627,5016,5088,15142,15908,15657
267,16020,4710,5267,5074,15150,15583,14821,4440,4945,5152,14424,15679,15587
268,16080,4478,5266,5447,14872,15786,14649,4297,4701,4770,15075,15973,15427
269,16140,4496,5427,5104,14878,16122,15174,4435,4942,4864,15221,15787,15594
270,16200,4638,5342,5212,14834,15890,15069,4296,4750,5011,14991,15460,15747
271,16260,4535,5433,5277,15390,16195,15211,4346,4527,4992,14632,16112,15541
272,16320,4899,5132,5221,14865,16289,15042,4375,4687,4633,15082,16100,16063
273,16380,4454,5449,5180,15378,15596,15925,4233,4718,4880,15041,15662,15985
274,16440,4797,5497,5189,15115,15995,15394,4220,4836,4753,15201,16119,15969
275,16500,4733,5256,5233,15302,15635,15511,4379,4792,5086,15279,15926,15850
276,16560,4886,4947,4929,15005,16106,15082,4160,4830,4831,15454,15773,15829
277,16620,4669,5175,5172,15011,15826,15332,4447,4770,4867,15162,16142,16126
278,16680,4609,5249,5112,14857,16021,15750,4132,4765,4717,15378,15709,16035
279,16740,4650,4880,5172,15064,16183,15410,4383,4343,4711,14627,16134,15714
280,16800,4446,5337,5109,15175,15758,15153,4394,4608,4770,15086,15661,15836
281,16860,4706,5444,5445,15276,15803,15684,4419,4900,4756,14991,15704,15456
282,16920,4686,5198,4909,15100,15671,15417,4506,4934,4690,14889,15553,15227
283,16980,4640,5328,5156,14841,15851,15361,4155,4880,4786,14992,15295,15593
284,17040,4693,5553,5202,15270,15391,15195,4268,4669,5177,15084,15995,15221
285,17100,4737,5235,5082,15131,16501,15511,4482,4688,5010,14834,15552,15704
286,17160,4695,5211,5008,15113,15468,15327,4414,4882,4751,15261,16132,15904
287,17220,4515,5483,5361,14780,15731,15670,4494,4557,4842,14760,15419,15718
288,17280,4654,5334,5191,15508,16039,15580,4182,4598,4854,14747,15727,16130
289,17340,4630,5528,5252,15173,15980,15162,4262,4881,4971,15098,15866,15873
290,17400,4382,5231,5300,15544,16279,14921,4343,4821,4774,14747,15803,15461
291,17460,4562,5299,5254,15046,16040,15871,4430,4559,4932,15036,15424,15737
292,17520,4644,5242,5434,15053,16214,15013,4090,4934,4880,14935,16139,15982
293,17580,4731,5108,5568,15200,16304,15872,4279,4773,4813,15375,16131,15983
294,17640,4695,5151,5137,15093,16649,15490,4095,4841,5106,14795,16009,15881
295,17700,4545,5077,5280,15521,15564,15364,4414,4860,4706,15247,15493,15847
296,17760,4895,5006,5182,15121,16336,15307,4005,5040,4900,15335,15560,15854
297,17820,4660,5365,5147,15555,16621,15737,4350,5075,4934,15296,15940,15906
298,17880,4587,5374,5022,15575,16269,15534,4438,4787,4914,14733,15836,16400
299,17940,4816,5560,5297,15554,16618,15569,4405,4543,4929,15407,15952,15662
300,18000,4637,5343,4914,15231,15897,15334,4411,4994,4598,15158,15724,15807
301,18060,4640,5630,5041,15194,16147,15413,4307,4563,4847,15321,15848,15683
302,18120,4703,5465,5080,15359,16515,15820,4466,4797,4777,15229,15922,15485
303,18180,4619,5260,5341,15399,16185,15473,4518,4527,4659,15374,15839,16019
304,18240,4690,5035,5482,15589,16072,15711,4467,5051,5047,14831,15354,15552
305,18300,4902,5160,5314,15005,16376,15536,4223,5286,4851,15099,15855,15797
306,18360,4972,5172,5326,15244,15950,15892,4344,4965,4737,15273,15994,15889
307,18420,4482,5456,5200,15732,16007,15111,4055,4779,4924,14941,15952,16035
308,18480,4886,5185,5278,15580,16385,15396,4369,4607,5023,15028,15550,15967
309,18540,4808,5494,5574,14972,16626,15828,4241,4792,5042,14960,15502,16325
310,18600,4389,5532,5003,15309,15930,15353,4203,4763,4921,14803,15920,15829
311,18660,4583,5568,5247,15027,16656,15692,4235,4853,4629,15128,15905,15436
312,18720,4753,5516,5359,15096,16345,15713,4531,5310,5134,15145,15662,16174
313,18780,4869,5239,5255,15151,16325,15478,4200,5047,4956,14730,15938,16340
314,18840,4763,5343,5092,15315,15499,15622,4376,4703,4954,14860,16244,15871
315,18900,4595,5464,5083,15021,16133,15891,4296,4926,5048,14930,15880,15304
316,18960,4676,5292,5160,15334,16798,15600,4102,4851,4958,15400,15443,15786
317,19020,4682,5116,5502,15262,16407,15649,4066,4634,4986,14907,15940,15626
318,19080,4688,5136,5417,15203,16656,15613,4288,4773,4887,15420,15943,16262
319,19140,4809,5301,5236,15743,16664,16004,4310,4867,4955,15081,16020,16050
320,19200,4567,5302,5088,15170,16161,15634,4395,4892,4774,14915,15796,15654
321,19260,4782,5510,5219,15088,16460,15599,4369,4612,4916,14680,16020,15394
322,19320,4492,5394,5149,15108,16108,15756,4197,4711,4709,15207,15862,15577
323,19380,4656,5258,4975,15037,16405,15676,4359,4762,4758,14855,16197,15380
324,19440,4429,5153,5307,14897,16428,16017,4474,4808,4805,15023,15899,15726
325,19500,4651,5196,5228,15296,16622,15977,4419,4899,4837,15280,16203,15731
326,19560,4921,5508,5216,15575,15986,15338,4316,4741,4877,14941,15639,16092
327,19620,4715,5280,5156,15061,16686,15463,4478,4734,4937,15027,15658,15814
328,19680,4867,4952,5301,15280,16377,16004,4454,4994,4931,14844,15689,15488
329,19740,4937,5237,5207,15044,16277,16249,4378,4672,4999,14905,15777,15891
330,19800,4585,5273,5271,15870,16395,15497,4293,4811,4809,15229,15791,16137
331,19860,4785,5356,5398,15535,16695,15751,4189,4784,4662,14940,15450,15834
332,19920,4461,5461,5145,15697,16428,15869,4574,4906,4422,14889,15508,15897
333,19980,4583,5501,5327,15426,16403,15821,4183,4817,5049,15030,16101,16329
334,20040,4821,5442,5430,15332,16444,15595,4429,4443,5057,14947,15249,15438
335,20100,4472,5417,5185,15300,16956,15451,4346,4935,5037,15368,15803,15838
336,20160,4768,5103,5349,15664,16509,15434,4534,4857,4963,15163,15499,16098
337,20220,4561,5223,5115,15435,16578,15578,4303,4787,4945,15221,16107,16352
338,20280,4419,5504,5161,15749,16454,15812,4188,4625,4896,14864,15647,15877
339,20340,4820,5281,5266,14969,16048,15813,4418,4806,4908,15046,15737,16278
340,20400,4600,5506,5290,15371,16045,15548,4232,4679,4945,15299,15976,16281
341,20460,4715,5649,5205,16073,16485,15896,4091,4953,5020,14953,15764,16255
342,20520,4653,5221,5026,15513,16374,15770,4362,4716,5109,14741,15825,15880
343,20580,4622,5196,5390,15313,16335,15874,4332,4785,4959,15055,15792,15664
344,20640,4567,5499,5327,15379,16574,15962,4396,4725,4898,15195,15693,15945
345,20700,4493,5264,4872,15527,16452,15970,4249,4930,4688,14605,15727,15857
346,20760,4713,5396,5235,15179,16386,15575,4364,4769,4858,15005,15442,16121
347,20820,4775,5206,5268,15294,16533,16446,4335,4718,4881,15082,15911,16191
348,20880,4445,5209,5095,14859,16794,16262,4249,4630,5251,15236,15920,16065
349,20940,4544,5297,5345,15542,16344,15971,4440,5019,4866,15520,15685,16134
350,21000,4331,5301,5247,15869,16479,15821,4441,4538,5029,14741,15360,15873
351,21060,4668,5266,5143,15726,16187,16014,4223,4799,5024,14810,15749,15541
352,21120,4991,5156,5254,15158,16277,15990,4259,4992,4988,15204,15717,16268
353,21180,4978,5506,4814,15369,16443,15422,4322,4792,5140,15346,16181,16132
354,21240,4803,5204,5257,15786,16575,15725,4327,4756,4884,14749,15257,16027
355,21300,4685,5419,5345,15593,16465,15656,4463,4768,4967,14843,16002,16068
356,21360,4590,5428,5338,15177,16470,15750,4443,4930,4902,14581,15801,15948
357,21420,4472,5488,5338,15657,16934,16338,4364,4984,4755,15052,16065,15851
358,21480,4543,5546,5007,15305,16596,15756,4366,4772,4800,15167,15605,15729
359,21540,4695,5022,5364,15640,16134,15895,4540,4882,4723,14947,16115,15752
360,21600,4949,5411,5332,15323,16561,16176,4400,4801,4782,15174,16081,16391
361,21660,4861,5396,5099,15800,16721,15429,4325,4627,4859,14858,15949,15877
362,21720,4920,5346,5083,15702,16941,15691,4153,4762,4783,14637,15866,15964
363,21780,4655,5273,5063,15364,16712,15584,4141,5009,4947,15339,15632,15594
364,21840,4770,5286,5267,15670,16317,15998,4426,4651,5029,14827,15941,16218
365,21900,4609,5322,5278,15643,16309,15683,4289,4835,5106,15609,15755,15815
366,21960,4773,5195,4915,15718,16727,15888,4454,4569,4651,15270,16153,15832
367,22020,4646,5057,5268,15060,16677,16049,4329,4901,4923,15215,16177,16506
368,22080,4717,5225,5123,15532,16600,16029,4555,4848,5005,15007,15733,15861
369,22140,4723,5151,5205,15265,16117,15994,4202,4767,4929,14768,15581,16214
370,22200,4491,5227,5271,15962,16653,15942,4557,4948,4808,14552,15419,16060
371,22260,4852,5436,5099,15562,16887,16259,4390,4601,4880,14954,16511,15942
372,22320,4652,5359,5210,15627,16632,15693,4563,4853,5045,15477,16306,15916
373,22380,4742,5564,5286,15403,16334,15874,4184,4504,4991,14854,15165,16146
374,22440,4806,5304,5057,15881,16480,16132,4417,4718,4966,14881,15726,15806
375,22500,4767,5170,5462,15399,16935,16113,4193,4752,4658,15286,16068,15826
376,22560,4682,5320,5260,15373,16114,16157,4150,4759,5069,15128,15469,16079
377,22620,4537,5375,5316,15370,16839,16032,4384,4545,4878,15148,16092,15968
378,22680,4748,5261,5217,15170,16889,15985,4453,4920,5126,15655,15925,15725
379,22740,4536,5314,5194,15956,16756,15617,4459,4783,4849,15643,16100,16135
380,22800,4653,5575,5209,15510,16571,15781,4311,5061,5077,15542,15875,16179
381,22860,4885,5418,5520,15442,16485,15579,4300,4763,5050,14602,15644,15679
382,22920,4675,5386,5346,15557,16481,16436,4362,4774,5092,15029,16167,15868
383,22980,4879,5555,4934,15600,16914,16136,4066,4643,4672,14944,15882,15765
384,23040,4711,5458,5500,15850,16569,16301,4344,4569,5008,15126,16423,15897
385,23100,4680,5160,5401,15214,16835,15897,4276,4735,4890,14940,15671,16221
386,23160,4540,5529,5371,15721,16959,16205,4249,4696,4944,15292,15777,16168
387,23220,4828,5456,5188,15535,17340,15735,4285,4734,4793,15207,15943,16033
388,23280,4669,5530,5204,15709,16897,16211,4358,4579,5101,15099,15811,16424
389,23340,4525,5338,5337,15135,16901,16009,4251,4858,5088,14799,15658,16187
390,23400,4634,5387,5332,15624,16578,16080,4504,5070,4940,15203,16110,16165
391,23460,4654,5236,5048,15509,16876,15965,4149,4815,4803,14961,16008,15839
392,23520,4829,5368,5406,15375,16355,16018,4373,4744,4997,15249,16181,15981
393,23580,4687,5430,5524,15973,16931,15837,4097,5027,4714,14984,16173,15898
394,23640,4626,5189,5220,15532,17088,16472,4393,4909,4810,15015,15931,15315
395,23700,4662,5460,5659,15610,16634,16316,4254,4613,5030,15243,15988,16340
396,23760,4701,5431,5224,15706,16401,15861,4244,4668,5079,15044,16493,15918
397,23820,4633,5221,5200,15524,16596,16064,4314,4870,5016,15152,15757,15987
398,23880,4955,5393,5344,15493,16129,15557,4386,4641,4890,14790,15488,15761
399,23940,4783,5471,5340,15391,16623,15791,4151,4807,4871,15125,15471,15767
400,24000,4876,5426,5323,15296,16994,16290,4202,4771,4803,14931,16076,15836
401,24060,4977,5171,5148,15968,16785,15749,4272,4787,4827,14992,16275,16143
402,24120,4677,5475,5325,15946,16351,15432,4440,4587,4862,14964,15952,15715
403,24180,4358,5510,5123,15368,16346,15922,4351,4834,4807,15230,15579,15961
404,24240,4598,5355,5401,15780,16286,15838,4390,4702,5058,14810,15622,15820
405,24300,4795,5280,5143,15359,16749,16183,4382,4421,5020,14792,15526,15659
406,24360,4653,5467,5059,15921,17253,16030,4162,4601,4727,15459,15932,15861
407,24420,4564,5206,5123,15178,16706,15779,4591,4698,4822,15249,15698,16022
408,24480,4836,4990,4949,15486,17013,15783,4259,4691,4857,14806,15749,16047
409,24540,4766,5503,5483,15680,16571,15963,4417,4939,5033,14915,15899,16700
410,24600,4430,5371,5048,16140,16556,16341,4115,4573,4930,15454,15776,16157
411,24660,4780,5381,5551,15907,16975,16363,4354,4735,4804,14925,15695,16138
412,24720,4938,5120,5211,15588,16851,16096,4498,4711,4954,15183,15948,15991
413,24780,4779,5191,5031,15714,17037,16335,4308,4888,4652,14855,16226,15956
414,24840,4859,5358,5177,16076,16574,15756,4154,4912,4847,14783,15851,16256
415,24900,4642,5375,5042,15630,16954,15874,4441,4748,5003,15135,16429,16215
416,24960,4618,5257,5307,15410,16294,16196,4290,4814,5000,15403,16052,15937
417,25020,4755,5479,5335,15899,17194,15888,4321,4599,5206,15225,16397,16271
418,25080,4725,5248,5306,15585,16446,16117,4239,4544,5174,15218,15675,16037
419,25140,4536,5306,5252,15678,16965,16406,4308,5001,4872,14671,15803,15661
420,25200,4610,5710,5083,15005,17368,15563,4120,4853,5022,14964,16375,16189
421,25260,4519,5396,5324,15581,16841,15794,4552,4971,4527,15424,15581,16386
422,25320,4590,5381,5490,15640,17084,16324,4083,4823,4955,15489,16041,16336
423,25380,4432,5641,5387,15588,16659,15725,4339,4770,5130,15385,16452,16172
424,25440,4558,5197,5291,15709,16868,16090,4325,4828,4810,15541,16207,15960
425,25500,4484,5551,5350,15890,16895,16280,4099,4762,5090,14867,15994,15440
426,25560,4599,5582,5618,15425,16778,16281,4383,4858,5093,14980,16019,15918
427,25620,4564,5426,5276,15803,17163,16058,4250,4500,5254,15121,15796,16473
428,25680,4698,5210,5508,15262,17045,16351,4356,4750,5055,14437,15887,15512
429,25740,4731,5207,5410,15652,16558,15733,4551,5017,4822,14897,15911,15994
430,25800,4630,5312,5004,15263,17488,16126,4471,4799,5091,15018,16011,16497
431,25860,4869,5557,5179,15392,17043,16815,4449,4561,5032,14767,15788,15851
432,25920,4675,5322,5053,15466,17161,15954,4381,4926,4718,15975,15683,16405
433,25980,4934,5352,5344,15935,16775,16256,4248,4917,4858,15053,16094,16247
434,26040,4637,5295,5351,15059,17311,16574,4309,4809,5052,15068,15591,16025
435,26100,4831,5202,5168,15783,17006,15883,4317,4707,4785,14999,15997,15727
436,26160,4536,5207,5294,15393,17212,16268,4404,4826,4957,15062,16070,15982
437,26220,4522,5280,5378,15154,16882,16093,4445,4785,5037,14761,16343,16231
438,26280,4597,5183,4928,15923,17081,16275,4462,4909,4877,15280,15875,15937
439,26340,4527,5447,5179,15773,17006,15769,4247,4375,4807,15548,16233,16026
440,26400,4657,5435,5148,15729,16904,15964,4273,4736,4760,15011,15799,16154
441,26460,4795,5140,5068,15332,16721,16216,4300,4561,5040,15261,16140,15696
442,26520,4778,5404,5265,14972,17040,16379,4246,4892,5364,14839,15664,16296
443,26580,4709,5217,5477,15826,16758,16092,4476,4817,5095,15412,15816,16430
444,26640,4740,5581,5447,16032,17363,16084,4049,4669,4907,14803,15872,15740
445,26700,4629,5550,5353,15495,17440,16002,4455,4585,5007,15347,15765,15880
446,26760,4547,5570,5091,15633,17118,16871,4133,4769,5156,15262,16245,16195
447,26820,4661,5501,5352,15177,16519,15754,4243,4511,4813,14795,15739,16478
448,26880,4680,5508,5005,16190,16715,15568,4472,4727,4911,15351,16289,16148
449,26940,4663,5120,5139,15562,17372,16021,4096,4896,5048,15155,16139,16385
450,27000,4492,5184,5167,15725,17228,16170,4442,4883,4763,15174,16280,16268
451,27060,4827,5346,5047,15960,17092,16057,4290,4811,4835,14988,16292,16057
452,27120,4556,5026,5113,15678,17407,16333,4550,4815,4833,15554,16369,16221
453,27180,4755,5501,5338,15635,16421,16140,4546,4627,5044,14896,16090,16187
454,27240,4662,5275,5629,15272,17098,16167,4209,4869,4888,15088,15902,16228
455,27300,4763,5035,5143,15822,16795,15863,4358,4952,4676,15291,16070,15925
456,27360,4322,5427,5086,15440,16734,16581,4360,4698,4840,15154,15542,16255
457,27420,4795,5493,5232,15693,17018,16136,4605,4776,5102,15145,16079,16421
458,27480,4659,5287,5082,15804,16665,15586,4387,4869,4810,15156,15951,16344
459,27540,4423,5165,5093,15972,16696,16225,4360,4792,4734,14875,16062,16413
460,27600,4735,5038,4978,15438,17187,15981,4314,4889,4894,15028,16251,16262
461,27660,4864,5199,5335,15381,16923,15818,4160,4907,4982,15426,15800,16415
462,27720,4602,5649,5321,16068,16909,15895,4159,5130,5027,14806,16268,16130
463,27780,4789,5237,5102,15797,16648,16548,4254,4673,4902,14943,15441,16265
464,27840,4466,5375,5042,15882,17123,16297,4325,4647,4772,15186,16033,16293
465,27900,4775,5469,5185,15810,17578,16022,4391,4893,4892,15383,15943,16785
466,27960,4499,5323,5256,16028,17205,15798,4261,4609,5124,14734,15923,16499
467,28020,4698,5217,5166,16220,17168,16082,4237,4625,4879,14748,15974,16288
468,28080,4526,5665,5048,15459,17541,16035,4344,4880,4677,14826,15924,16366
469,28140,4636,5262,5056,15350,16520,16129,4317,4843,4850,15467,15892,16308
470,28200,4565,5550,5287,15540,17065,16228,4190,4843,4860,14884,16064,16300
471,28260,4566,5430,5209,15769,17330,16510,4553,4724,4915,14749,15664,16031
472,28320,4734,5249,5276,15706,17403,15744,4348,4858,5032,15351,16008,16230
473,28380,4866,5310,5038,15733,17660,16253,4391,4633,4795,14971,16086,16526
474,28440,4817,5443,5258,15189,17354,16229,4022,4834,4623,15225,15814,16272
475,28500,4722,5501,5210,15553,17167,16500,4604,4621,4929,15386,16058,16258
476,28560,4828,5515,5104,15744,16897,16412,4411,4693,4922,15297,16521,16724
477,28620,4496,5478,5217,15639,17210,16161,4487,4717,4918,15188,16003,16298
478,28680,4841,5328,5177,15823,16690,16022,3984,4825,4894,15478,16415,15972
479,28740,4855,5208,5224,15844,16984,15999,4522,4622,4918,15410,15748,16431
480,28800,4620,5234,4775,15640,16744,16524,4687,5002,4807,15260,16033,16311
481,28860,4569,5344,5387,15898,16979,16413,4259,4789,4905,15271,15973,16347
482,28920,4626,5235,5419,15658,17269,16782,4356,5010,4971,15283,16210,16237
483,28980,4592,5344,5166,15241,16451,16165,4382,4569,5335,15091,16187,15990
484,29040,4658,5445,5565,15468,16933,16653,4333,4772,4697,15373,16050,16400
485,29100,4850,5584,5046,15667,17189,16589,4491,4725,5066,15245,16475,16062
486,29160,4682,5436,5123,16055,17546,16271,4523,4624,5064,14985,15649,16203
487,29220,4606,5578,5133,16030,16773,16178,4380,4881,4876,15013,16022,16265
488,29280,4712,5412,5160,15498,17167,15971,4443,4698,4906,15017,15951,16056
489,29340,4699,5234,5442,15600,16865,16204,4407,4732,4788,14835,15627,16316
490,29400,4422,5144,5091,15099,16958,15884,4387,4860,4924,15393,15924,16183
491,29460,5131,5305,5406,15873,17259,15934,4192,4783,5108,14984,16213,16581
492,29520,4910,5463,5487,15864,17243,16209,4281,4684,4822,15415,15606,15960
493,29580,4706,5719,5455,15442,16829,16346,4354,4869,4855,14847,16155,16410
494,29640,4794,5376,5235,15976,16711,16236,4169,4490,4946,15056,16718,16072
495,29700,4754,5130,5361,15631,17017,16303,4279,5010,5043,15163,15867,16159
496,29760,4677,5528,5241,15583,17031,16519,4212,5009,4799,15147,16052,16226
497,29820,4526,5488,5311,15645,17132,16126,4314,5080,5237,14810,15726,16281
498,29880,4696,5177,5224,15315,16963,16694,4343,4769,4894,14950,15701,16731
499,29940,4611,5133,5394,15530,17249,15669,4438,4685,5009,15229,15514,16358
500,30000,4685,5380,5576,15678,16860,16705,4210,4776,5050,14998,16311,15901
501,30060,4689,5270,5262,15790,16652,16295,4432,4907,4864,15426,15716,16206
502,30120,4691,5456,5097,15416,17235,16086,4290,5187,5108,14933,16442,16174
503,30180,4754,5290,5128,15658,16737,16558,4392,4401,5017,15127,16225,15976
504,30240,4807,5355,5030,15841,16951,15847,4471,4603,4966,15158,15834,16591
505,30300,4729,5602,5048,15652,16908,16172,4428,4904,4762,15370,15849,16507
506,30360,4589,5485,5272,15655,17409,16422,4190,4657,4894,14631,16241,16255
507,30420,4688,5126,5317,15556,17118,16245,4295,4747,4769,15103,15761,16360
508,30480,4684,5268,5384,15799,16863,16665,4399,4489,5066,15267,15766,16306
509,30540,4677,5421,5358,15537,16881,16497,4388,4754,4960,15398,15813,16889
510,30600,4551,5514,4976,15925,17013,16192,4301,4665,5099,14635,16119,16173
511,30660,4531,5425,5337,16256,16722,16179,4628,4409,4751,15076,16112,16195
512,30720,4577,5204,5184,15517,17585,16343,4163,4797,4952,15523,16262,16214
513,30780,4708,5383,5146,15978,17819,16521,4340,4814,4922,15155,16499,16010
514,30840,4784,5423,5256,15805,17041,16308,4306,4797,5130,15328,16157,16167
515,30900,4718,4974,5231,15483,17034,16313,4229,4874,4910,15390,16157,16393
516,30960,4724,5465,5101,15634,17088,16122,4357,4799,4945,14860,16431,16015
517,31020,4535,5433,5074,15811,17157,16738,4158,4729,4781,14775,16098,16250
518,31080,4850,5329,5532,15873,17074,16088,4246,4849,4984,15314,15390,15887
519,31140,4649,5516,5274,16008,17070,16023,4287,4839,5025,15019,16194,15752
520,31200,4734,5270,5262,15801,17040,15560,4215,4878,5108,15387,16026,15990
521,31260,4700,5360,4989,15496,17127,16161,4492,4708,4890,15289,15916,16074
522,31320,4894,5060,5205,16022,17395,16201,4306,4829,5113,15053,15788,16374
523,31380,4682,5151,5150,15889,17094,16394,4346,4670,4737,14968,16087,16648
524,31440,4831,5144,5249,15171,17079,16195,4380,4688,5086,15099,16080,15867
525,31500,4471,5750,5227,16392,16897,16551,4185,5095,4902,15239,16286,16611
526,31560,4744,5491,5258,15469,17096,16127,4252,4627,4964,14904,15721,15970
527,31620,4617,5456,5513,15419,17282,16411,4233,4803,4944,15175,15861,16200
528,31680,4511,5292,5123,15570,17313,16269,4351,4950,4633,14871,15665,16273
529,31740,4760,5463,4823,15813,17565,16126,4203,4803,4796,14981,15843,16221
530,31800,4710,5653,5151,15837,17075,16427,4153,4840,4932,15347,15597,16430
531,31860,4727,5224,5236,15799,16620,16305,4368,4647,4769,15386,16110,16417
532,31920,4413,5279,5261,15305,16781,15964,4375,4869,4941,14538,15933,16685
533,31980,4739,5432,5166,15694,16542,16050,4295,4944,4929,15159,16032,16381
534,32040,4750,4990,5115,15967,16303,16473,4348,4624,5101,15158,15589,16335
535,32100,4407,5438,5210,15567,16721,16046,4284,4681,4840,15338,16002,16104
536,32160,4525,5286,5488,15310,17563,16478,4405,4953,4777,15012,15518,16364
537,32220,4631,5297,5431,15795,16839,16851,4579,4971,5108,15282,16333,16388
538,32280,4805,5415,5058,15739,16933,16594,4402,4745,5028,15179,15543,16327
539,32340,4936,5420,5353,15836,17700,16148,4222,4914,4903,14903,16353,16221
540,32400,4390,5229,5315,15410,17109,16339,4551,4940,4869,15040,15718,16141
541,32460,4709,5587,5248,15779,16895,15877,4296,4693,4860,15444,15871,16358
542,32520,4657,5493,4839,15885,16989,15865,4333,4888,4772,15197,16432,15937
543,32580,4585,5394,5235,16337,17311,16408,4238,4838,5197,15166,15897,16207
544,32640,4664,5201,5004,16057,16748,16204,4654,4639,4951,15283,15696,16113
545,32700,4713,5153,5333,16424,17494,16351,4373,4846,5176,15182,16323,16451
546,32760,4706,5200,5163,15342,17653,16405,4216,4870,4838,15112,15948,16251
547,32820,4656,5112,5249,15691,17416,15927,4322,4764,4716,15119,16259,16463
548,32880,4470,5319,5261,15572,16998,16116,4199,4600,4696,15100,15723,15810
549,32940,4713,5420,5327,16036,17187,15891,4362,4924,5021,15055,16184,16788
550,33000,4809,5510,5132,15889,16459,15920,4523,4609,5124,15395,15880,16195
551,33060,4766,5390,5234,16257,16844,16123,4264,4859,4682,15049,15892,16749
552,33120,4548,5472,5078,15989,17463,16595,4165,4671,4947,14771,15624,16613
553,33180,4504,5278,5245,15760,16867,15891,4300,4810,4994,14289,16390,16577
554,33240,4709,5545,5347,15542,17172,16141,4271,4578,4776,15206,16253,16516
555,33300,4581,5298,5470,15738,16978,15987,4194,4826,4964,14560,16200,16388
556,33360,4451,5475,5508,15919,17693,16716,4213,4686,5017,14774,15546,16294
557,33420,4838,5381,5318,16017,17269,16286,4248,4860,4862,15183,16206,16158
558,33480,5000,5593,5427,15411,17405,16211,4134,4683,5032,14861,16064,16109
559,33540,4476,5397,5142,15793,17265,16183,4236,4735,4926,15199,15980,16909
560,33600,4989,5133,5235,15678,17752,16217,4173,4883,5161,14864,16148,16269
561,33660,4739,5197,5490,15551,17317,16010,4473,4866,5037,15139,16180,16248
562,33720,4702,5529,5281,15602,16954,16158,4376,4709,4778,14982,16166,15988
563,33780,4548,5187,5161,15612,17181,16261,4424,4649,4719,15237,16268,16820
564,33840,4628,5300,5314,16071,17283,16442,4441,4239,4885,15133,16332,16112
565,33900,4830,5436,5293,15046,16711,16655,4187,4763,4871,15267,15952,16093
566,33960,4907,5320,5271,15799,17101,16274,4449,4687,5015,15020,16245,16292
567,34020,4658,5371,5197,16029,16476,16389,4308,4786,4742,15263,15854,15979
568,34080,4454,5193,5480,15934,16991,16083,4398,4656,4982,15234,15912,16117
569,34140,4599,5707,5090,15327,17172,16249,4318,4758,5035,15083,15949,16422
570,34200,4710,5312,5122,15867,17662,16008,4223,4589,4821,15377,16283,16465
571,34260,4778,5286,5277,15714,17200,16360,4460,4563,4594,14814,15681,15890
572,34320,4663,5134,5130,15907,17282,16632,4417,4980,5140,15011,15844,16304
573,34380,4933,5139,5333,15321,17126,16064,4504,4719,4954,15328,16157,16334
574,34440,4556,5232,5142,16227,17109,15892,4432,5136,4907,15269,16447,15918
575,34500,4615,5347,5134,15409,17254,16421,4231,4468,4793,15111,16352,16844
576,34560,4693,5241,5424,15898,17600,16516,4249,4873,4960,14423,16341,16673
577,34620,4504,5461,5358,15280,17620,16859,4253,4622,4785,14956,16445,16135
578,34680,4451,5452,5102,15706,17297,16880,4236,4686,4750,14933,16135,16784
579,34740,4420,5319,5245,15043,17876,16309,4280,4632,4804,15121,16238,16534
580,34800,4617,5328,5227,15663,17583,16883,4313,5010,4834,15480,15666,16685
581,34860,4540,5316,5150,15682,17721,15645,3951,4797,5032,14976,15674,16602
582,34920,5031,5309,5288,15990,17264,16255,4254,4995,5133,15069,16121,16166
583,34980,4793,5375,5276,16009,17493,16370,4195,4784,4877,15013,15882,16408
584,35040,4651,5648,5330,15938,16723,16008,4399,4899,5019,15162,16298,16433
585,35100,4573,5370,5217,15535,16983,16743,4457,4851,5109,14778,16192,16192
586,35160,4677,5453,4964,15705,17064,16514,4311,4681,4984,15134,15806,15863
587,35220,4832,5431,5139,15933,17338,16465,4347,4760,5115,14702,15688,16350
588,35280,4706,5388,5053,15383,17191,16438,4204,4846,4889,15309,16435,16239
589,35340,4726,5068,5134,15842,17849,16078,4462,4800,4852,14865,15898,16255
590,35400,4570,5308,5139,15869,17193,16591,4319,4857,4998,14844,15945,15898
591,35460,4532,5297,5274,16055,17552,16666,4221,4857,5066,15176,15563,16718
592,35520,4902,5479,5338,15579,16976,16241,4346,4753,4935,15854,16189,16531
593,35580,4648,5366,5213,15729,17258,15917,4337,4367,5050,14688,16269,16532
594,35640,4545,5290,5383,15719,16975,16078,4118,4763,4650,15174,16147,16503
595,35700,4806,5690,5439,15140,17627,16351,4513,4819,4875,14985,16160,16745
596,35760,4663,5226,5222,15595,17567,15957,4169,4938,4867,15196,16037,16003
597,35820,4553,5532,5232,15188,16991,16659,4255,4536,4864,15039,15897,16433
598,35880,4832,5264,5201,15489,17733,15876,4246,5105,5224,15439,16222,16600
599,35940,4715,5015,4974,15789,17087,16231,4439,4850,5165,15035,15832,16399
600,36000,4618,5393,5047,15757,17248,16833,4284,4783,5084,15647,16038,16834
601,36060,4744,5296,4971,15518,17167,15977,4300,4663,4803,15299,16117,16410
602,36120,4581,5292,5278,16041,17346,16832,4112,4895,4768,15479,16149,16791
603,36180,4687,5398,5344,15720,16936,16608,4352,4723,4757,15721,16608,16565
604,36240,4805,5234,5045,15722,17277,16318,4520,4544,4888,15272,16150,16534
605,36300,4712,5349,5270,15914,17620,16208,4218,4700,5137,14774,16222,16740
606,36360,4639,4962,5083,15851,17772,16649,4479,5003,4938,15050,16356,16345
607,36420,4741,5469,5239,15853,17544,16178,4274,4613,4973,14989,15846,16916
608,36480,4619,5308,5242,16272,16974,16527,4436,4886,4662,14619,16250,16137
609,36540,4748,5485,5159,15741,17196,16822,4179,4546,4985,15021,16124,16656
610,36600,4911,5347,5105,15889,17195,16052,4275,4545,4972,14948,15798,16410
611,36660,4568,5277,5038,15370,17246,16541,4377,4754,4838,15483,16296,16713
612,36720,4767,5206,4991,15987,17337,16693,4570,4759,4997,14987,16595,16186
613,36780,4863,5441,5343,15800,17376,16150,4069,4678,5130,15201,15761,16181
614,36840,4467,5433,5338,16007,17481,16635,4160,4649,5065,15230,15921,16129
615,36900,4589,5248,5084,16054,17156,16256,4515,4682,5225,15612,16015,16320
616,36960,4496,5509,5219,15805,17365,16758,4202,4677,4902,15235,16891,16527
617,37020,4685,5175,5021,16046,17345,16151,4413,4702,4694,15353,15758,16320
618,37080,4467,4952,5321,15862,17333,16092,4315,4618,5041,15178,16274,16484
619,37140,4674,5090,5124,15627,16979,15991,4159,4879,4990,15096,16139,15966
620,37200,4714,5198,5501,15589,17112,16494,4311,4623,4946,15285,16252,16108
621,37260,4597,5181,5376,15948,17478,16255,4158,4800,4840,15152,15488,16106
622,37320,4931,5479,5277,15548,17498,16404,4451,4685,5043,14602,15991,16249
623,37380,4596,5473,5443,16012,17917,16075,4061,4836,4990,15009,15926,16833
624,37440,4411,5501,5115,15533,16683,16006,4148,4596,5064,14838,15906,16708
625,37500,4611,5336,5108,15403,17367,16140,4298,4854,5017,14973,16367,16769
626,37560,4585,5442,5513,15695,17026,16243,4310,4739,4899,15127,16145,16302
627,37620,4727,5284,5124,15759,16871,16749,4433,4898,5098,15017,15681,16470
628,37680,4688,5071,5118,15391,17613,16438,4356,4747,4906,15076,15943,16187
629,37740,4706,5400,5282,15390,17474,16340,4761,5198,4772,14936,16342,16451
630,37800,4282,5085,5246,15780,17805,16271,4653,4936,5042,15130,16128,16035
631,37860,4700,5335,5301,15780,17481,16708,4666,4574,4976,15131,16105,16705
632,37920,4520,5381,5390,15807,17507,16626,4118,4796,4883,14953,16150,16085
633,37980,4590,5215,5315,15663,16869,16148,4392,4781,5178,15400,15648,16144
634,38040,4758,5243,5094,15897,17611,16812,4062,5051,4898,15249,15570,16342
635,38100,4664,5271,5040,15336,17083,16465,4181,4822,4874,14746,15832,16526
636,38160,4739,5186,5228,16174,17620,16395,4317,4650,4929,14819,16369,16199
637,38220,4641,5022,5353,16171,17310,16137,4448,5086,5147,15009,16596,16667
638,38280,4707,5419,5130,15978,17165,16506,4290,4724,4634,15122,16243,16656
639,38340,4588,5493,5118,15768,17256,16616,4214,4726,5002,14842,15936,16046
640,38400,4901,5367,5399,15711,17127,16552,4551,4551,5013,14696,16159,16536
641,38460,4590,5318,5624,16184,17184,16262,4187,4732,4995,14876,16171,16070
642,38520,4530,4971,5309,15436,17441,16691,4042,4871,5121,14900,16108,16403
643,38580,4510,5326,5220,15581,18092,16779,4220,4782,4715,15394,16704,16102
644,38640,4633,5509,5314,15814,17048,15874,4208,4639,5121,14928,16779,16338
645,38700,4836,5182,5347,15356,17142,15989,4394,4547,4759,15142,16396,16697
646,38760,4594,5269,5407,15920,17204,16454,4379,4869,4968,15521,16359,16230
647,38820,4684,5461,5182,16001,17529,16483,4253,4914,4629,15004,16304,16705
648,38880,4681,5324,5416,15961,17137,16228,4206,4617,4803,14881,15891,16301
649,38940,4686,5368,5266,15392,17513,16521,4403,5029,4745,15239,15797,15947
650,39000,5015,5423,5461,15299,17745,15980,4313,4652,4936,15245,16126,15939
651,39060,4866,5403,5515,15667,17354,16450,4269,4753,4766,15067,16217,15745
652,39120,4690,5212,5311,16403,17287,16540,4256,4595,4877,15063,16273,17049
653,39180,4684,5373,5586,15671,17526,16428,4327,4921,4885,14481,16206,16548
654,39240,4760,5100,5076,15947,17627,16519,4232,4942,4971,14705,16200,16723
655,39300,4644,5391,5140,15971,17076,16734,4425,4655,4899,14945,16432,16605
656,39360,4817,5222,5203,16030,16927,16503,4110,4723,5006,15056,16214,16220
657,39420,4409,5343,5169,15976,18033,16631,4496,4986,4931,15191,15971,16380
658,39480,4726,5121,5427,15890,17348,16116,4534,4830,5046,15137,16084,16564
659,39540,4670,5470,5128,15893,17667,16628,4400,4670,5166,15327,16339,16384
660,39600,4792,5393,5283,15741,17419,16543,4161,4970,4892,14667,15727,16359
661,39660,4609,5260,5214,15645,17077,16269,4034,4627,4954,14693,16195,16644
662,39720,4695,5431,5341,15883,17151,16252,4283,4804,5107,15367,15895,16221
663,39780,4803,5429,5183,15482,17040,16497,4410,4911,4574,15269,16301,16882
664,39840,4845,5426,5103,16104,17515,16456,4189,4874,5091,15456,15671,16901
665,39900,4578,5055,5305,15528,17554,16198,4639,4514,4830,15466,15742,16190
666,39960,4694,5166,5244,15545,17158,16097,4584,4959,4826,15203,16351,16714
667,40020,4942,5304,5284,15826,17755,16332,4540,4758,4936,15270,16075,16377
668,40080,4586,5340,5184,15856,17376,16916,4360,4549,4861,15201,16531,17128
669,40140,4741,5234,4953,16092,17277,16572,4226,4787,5018,14989,15671,16140
670,40200,4418,5320,5335,15861,17317,16192,4225,4615,5077,15454,16395,16576
671,40260,4733,5347,5202,15483,17478,16245,4386,4724,4926,14995,15991,16889
672,40320,4619,5232,5157,16218,17374,16093,4170,4746,4799,15451,16520,16220
673,40380,4709,5349,5312,15894,17352,16446,4217,4781,5320,14938,16098,16722
674,40440,5023,5107,5273,15583,16947,16446,4388,4708,4941,15465,15733,17070
675,40500,4734,5307,5144,15650,17418,16493,4357,4875,5102,14619,16438,16248
676,40560,4764,5280,4805,16224,17395,16531,4422,4710,4870,14848,16376,16440
677,40620,4693,5178,5168,15623,17546,16366,4411,4875,4959,15107,16075,16688
678,40680,4723,5696,5092,15859,17215,16467,4158,4972,5053,15148,16089,16125
679,40740,4708,5455,5590,16387,17454,16363,4044,4788,4967,15229,15887,16795
680,40800,4435,5426,5372,15877,17328,16632,4452,4671,4893,15382,16002,16620
681,40860,4800,5545,5191,15852,17545,16319,4187,4590,4860,14889,15664,16483
682,40920,4766,5430,5407,16100,17480,16947,4232,4662,4859,14645,16388,16685
683,40980,4275,5320,5019,15344,17392,16237,4467,4874,4776,15143,16117,16368
684,41040,4711,5318,5275,16100,17821,16572,4143,4650,4748,15047,15974,16619
685,41100,4809,5254,5270,15866,17946,15969,4272,4824,4781,14766,15589,16891
686,41160,4492,5460,5366,15868,17287,16421,4499,4549,5019,15084,15701,16368
687,41220,4772,5522,5485,15930,16804,16571,4420,4737,5066,15369,16313,16417
688,41280,4474,5308,5037,15968,17058,16575,4239,4905,5027,15160,16199,16686
689,41340,4685,5337,4999,16080,17369,16763,4359,4554,5039,15141,16080,16341
690,41400,4716,4934,5088,15840,17446,16769,4328,4871,4803,15312,15960,16604
691,41460,4854,5343,5456,15991,17666,16730,4351,4762,4792,15234,16231,16301
692,41520,4427,5463,5082,15917,17407,16491,4261,4929,5212,15280,16107,16351
693,41580,4648,5609,5027,16117,17626,16878,4026,4536,5103,14740,15856,16270
694,41640,4634,5630,5095,15847,17649,16824,4288,4591,4989,14606,16250,16639
695,41700,4864,5456,5323,16233,17443,16205,4332,4921,5244,15214,16400,16882
696,41760,4615,5325,5291,15623,17548,17170,4331,5013,5245,14658,16348,16136
697,41820,4786,5362,5014,15932,17474,16749,4331,4699,5198,15389,16178,16472
698,41880,4858,5460,5262,15522,17454,16617,4446,5031,5173,15042,15959,16431
699,41940,4586,5408,5440,16338,16829,16456,4058,4993,4998,15141,16074,16453
700,42000,4696,5206,5381,15718,17341,16923,4410,4907,5240,15079,15880,16624
701,42060,4719,5488,5403,15861,17626,16685,4409,4846,4990,14558,15957,17005
702,42120,4743,5217,5675,15509,17557,15957,4221,4755,5053,14797,16201,16293
703,42180,4930,5386,5344,15705,17827,16663,4355,4868,4907,15587,15964,15840
704,42240,4528,5199,5324,16282,17160,16503,4584,4801,5056,15691,16158,16575
705,42300,4767,5129,5208,15840,17060,16329,4608,4722,5151,15204,16094,16565
706,42360,4624,5437,5215,15728,17310,16341,4311,4978,4986,15573,15914,16580
707,42420,4697,5366,5551,16025,17516,16556,4210,4781,5023,15251,16127,16810
708,42480,4707,5364,5233,15398,17967,16513,4284,4428,4824,15299,16175,16364
709,42540,4636,5459,5274,15902,17404,16198,4435,4691,5070,15325,15990,16338
710,42600,4608,5158,5055,16433,17883,17143,4456,4763,4833,15238,16144,16564
711,42660,4800,5173,5092,15570,17329,16767,4483,4827,4931,14925,16263,16542
712,42720,4981,5168,5273,16048,17640,16601,4345,4843,4850,15181,16039,16382
713,42780,4657,5348,5411,16096,17676,17118,4253,4911,4938,15112,16272,16372
714,42840,4591,5395,5580,15900,17448,16344,4244,4916,5315,15289,16425,16245
715,42900,4657,5530,5437,15910,17738,16758,4409,4887,5274,15143,15788,16432
716,42960,4713,5336,5273,16073,17563,16699,4324,4690,4998,15136,16652,17138
717,43020,4784,5264,5043,15965,17217,16540,4449,5118,4988,15018,16218,16890
718,43080,4758,5294,5266,16220,17524,16031,4282,4614,4913,15357,16062,16325
719,43140,4624,5281,5122,16210,17672,16096,4253,4932,4892,15751,16687,16917
720,43200,4788,5302,5468,15782,17745,16060,4566,4799,4589,15342,15847,16694
721,43260,4664,5370,5076,15859,17399,16487,4175,4761,4998,15085,16053,16369
722,43320,4604,5504,5498,15736,17283,15910,4351,4936,4948,15547,16163,16410
723,43380,4859,5258,5168,15484,17418,16464,4465,4930,4933,15156,16359,17246
724,43440,4515,5436,5488,15543,17590,16387,4269,4970,4904,14831,16313,16853
725,43500,4395,5677,5387,16330,17192,16822,4311,4653,4907,15343,16219,16460
726,43560,4773,5278,5080,16458,17600,16807,4282,4856,4934,14962,16245,16786
727,43620,4775,5177,5103,16001,17374,16381,4447,4916,4919,15199,16144,16505
728,43680,4753,5296,5356,15475,17855,15940,4311,4976,4717,15358,16326,16995
729,43740,4749,5574,5144,15962,17565,16640,4137,4747,4841,15013,15867,16511
730,43800,4707,5373,5565,16162,17102,16004,4540,4938,4976,14865,16461,16714
731,43860,4748,5391,5659,15626,17130,16435,4359,4827,4886,14964,15901,16575
732,43920,4472,5354,5331,16159,17334,16587,4576,4766,4933,15351,16058,17086
733,43980,4768,5192,5234,16515,17511,16202,4235,4933,4964,14887,16373,16515
734,44040,4724,5367,5312,15958,17795,16559,4494,4637,5034,15265,16373,16452
735,44100,4476,5239,5299,16094,17547,16769,4439,4759,5043,15140,16447,16121
736,44160,4467,5430,5437,16194,17564,16197,4350,4815,5100,15575,16330,16699
737,44220,4601,5252,5230,15961,17573,16770,4044,4955,4725,15563,16077,16785
738,44280,4666,5566,5515,15906,17378,16393,4383,4768,4856,15022,16064,16042
739,44340,4557,5620,5055,15782,17618,16746,4235,4619,4835,14974,16414,16905
740,44400,4609,5696,5262,15758,17613,16541,4350,4919,4913,14980,16423,16332
741,44460,4942,5432,4978,16520,17566,16455,4208,4750,5074,15227,16070,16831
742,44520,4676,5322,5464,15775,17495,16471,4195,4795,4972,15138,16392,16357
743,44580,4558,5551,5336,15781,17420,16423,4477,5020,4940,15297,16460,16826
744,44640,4494,5407,5241,16051,17735,16916,4285,4766,4826,14634,16235,16261
745,44700,4533,4949,5698,16205,17634,16645,4296,4520,4594,15336,16164,16604
746,44760,4778,5426,5398,15974,16891,15973,4422,4935,4924,14823,16516,16591
747,44820,4866,5579,5229,15957,17396,16306,4406,4893,5126,15218,16133,16932
748,44880,4892,5264,5325,16357,17581,16555,4751,4596,4913,14815,16341,16798
749,44940,4926,5446,5215,15873,17442,16646,4415,4821,4960,15078,16385,16846
750,45000,4612,5383,5005,15847,17531,16589,4339,4464,5106,15500,15906,16638
751,45060,4990,5256,5328,15772,17372,16480,4338,4686,4872,15054,16621,16437
752,45120,4567,5135,5149,16188,17222,16146,4327,4672,4922,15343,15798,16030
753,45180,4622,5369,5077,15888,17701,16068,4212,4744,4827,14780,15921,16397
754,45240,4601,5441,5200,15821,17141,16359,4338,4861,4894,14969,16291,16435
755,45300,4720,5355,5535,15759,17219,16094,4506,5082,5054,15098,16605,16582
756,45360,4853,5123,5570,16100,17907,16473,4369,4910,4924,15121,16214,16498
757,45420,4848,5157,5502,15538,18191,17044,4372,4763,4810,15260,16852,16807
758,45480,4399,5480,5176,16048,17800,16247,4364,4711,4847,15056,16563,16940
759,45540,4468,5495,5149,16140,17181,16378,4251,4789,5033,14743,15744,16571
760,45600,4721,5730,5052,16432,17774,16805,4235,4875,5086,15244,15724,16460
761,45660,4721,5225,5188,16082,17616,16862,4180,4678,5007,15683,16296,16584
762,45720,4639,5197,5231,15842,17451,16287,4160,4769,4819,15302,16734,16522
763,45780,4720,5473,5148,15504,17724,16536,4271,4607,4748,14780,16027,16144
764,45840,5022,5528,5098,16103,17666,16458,4224,4999,4963,15369,16009,16667
765,45900,4978,5852,5024,16061,17721,16444,4295,4523,5220,15354,16358,17526
766,45960,4721,5374,5302,15454,17275,16654,4357,4958,4785,15603,15787,16865
767,46020,5036,5412,4982,16076,17680,16392,4165,4784,5010,15125,15974,16198
768,46080,4482,5341,5238,15870,17487,16514,4424,4857,5076,15263,15950,16749
769,46140,4816,5169,5265,16334,17103,16480,4289,4722,5000,14875,16203,16761
770,46200,4751,5195,5158,15809,17367,16042,4216,4596,4810,15469,15611,16550
771,46260,4599,5464,5463,15809,17929,16148,4418,4633,5118,15180,16047,16598
772,46320,4964,5350,4959,15938,17566,16490,4486,4690,4866,15085,16093,16956
773,46380,4910,5273,5324,16141,17820,16100,4399,4740,5037,15644,16031,16126
774,46440,4913,5373,5574,16137,17851,16320,3993,4869,4808,15390,15894,16317
775,46500,4505,5692,5129,16184,17167,16580,4386,4933,4666,15496,16101,16403
776,46560,4563,5356,5367,16258,17503,16654,4181,4846,5100,14726,15862,16545
777,46620,4636,5348,5316,16291,17494,16993,4392,4702,4967,15150,16897,16558
778,46680,4903,5707,5205,16370,17302,16692,4151,4680,4925,15062,16498,16328
779,46740,4720,5328,4999,16195,17539,16724,4131,4872,4689,15332,16374,16541
780,46800,4809,5568,5296,15662,17897,16884,4040,4850,5056,14591,16348,17080
781,46860,4752,5562,5396,16385,17846,16731,4315,5082,4817,15249,16069,16650
782,46920,4758,5099,5440,15843,17183,16902,4487,4823,5056,15166,16101,16771
783,46980,4472,5316,5337,15892,17381,16469,4479,4697,5094,14934,16217,16663
784,47040,4662,5224,5095,16016,17862,16778,4386,4701,4795,15229,16014,16960
785,47100,4419,5199,5393,16217,17308,16223,4286,4829,4838,15190,16489,16646
786,47160,4548,5295,5415,15998,17299,16077,4188,4634,4966,15119,16056,16896
787,47220,4753,5329,5285,15861,17663,17007,4367,4914,4967,15318,15770,16789
788,47280,4625,5363,5341,16371,17645,16499,4330,4823,4857,14878,16350,16907
789,47340,4804,5354,5063,15851,17678,16389,4433,4748,4923,15102,16907,17064
790,47400,4546,5285,5270,16113,17397,16770,4303,4736,5064,15282,16511,16459
791,47460,4803,5343,5135,15657,17118,16388,4242,5121,4943,15168,16566,16571
792,47520,4906,5485,5199,16258,17520,16021,4426,4648,4866,15068,15926,16933
793,47580,4594,5314,4852,15545,17672,16699,4146,4547,4844,15228,16240,16696
794,47640,4773,5104,5191,15919,17437,16363,4398,4418,5027,15036,16168,16307
795,47700,4948,5328,5235,15882,18052,16410,4415,4629,5070,15020,15926,16953
796,47760,4885,5528,5558,16271,17113,16250,4513,4978,4691,15314,16113,16422
797,47820,4680,5265,5200,15878,17446,16231,4093,4529,4743,14972,16208,17139
798,47880,4874,5233,5050,15976,17322,16095,4268,4959,5045,14796,15635,17039
799,47940,4708,5508,5222,16347,17394,16404,4273,4813,5117,14941,16459,17021
800,48000,4722,5301,5852,15456,17807,16070,4319,5205,4851,14632,16218,16528
801,48060,4687,5547,5490,16148,17383,16900,4156,5003,5010,15463,15921,16703
802,48120,4742,5692,5061,16050,17101,16651,4363,4799,4970,15255,16394,16465
803,48180,4578,5333,5255,16045,17419,16684,4373,4513,4772,14513,15843,16957
804,48240,4654,5349,5317,15815,17408,16163,4699,4792,4935,14563,15737,16776
805,48300,4621,5367,5058,15591,17142,16687,4276,4870,4816,15275,16593,16322
806,48360,4710,5477,5599,16066,17825,16769,4355,4880,5273,15409,15851,16863
807,48420,4947,5301,5191,16184,17428,16510,4331,4924,5068,15306,16376,16556
808,48480,4676,5436,5225,15804,17388,16818,4474,4908,4926,15417,15931,16518
809,48540,4762,5548,5206,15836,17590,16210,4363,4595,4803,15209,16016,16702
810,48600,4541,5347,5378,15831,17334,16437,4261,4839,4897,14897,16219,16594
811,48660,4534,5132,5247,15928,17641,16185,4320,4750,5007,15000,16305,16620
812,48720,4604,5218,5318,16031,17951,16853,4356,4698,5050,15210,16309,16660
813,48780,4828,5398,5464,16192,17846,16590,4358,4694,4866,14756,15892,16431
814,48840,4591,5286,5328,16271,17463,16726,4455,4616,4717,15259,16496,16925
815,48900,4440,5088,5508,15291,17985,16810,4357,5100,5176,15103,16033,16765
816,48960,4687,4887,5313,16276,17607,16819,4368,4687,4908,15213,16029,17272
817,49020,4524,5246,5120,15632,17678,16549,4278,4895,5095,15437,16501,16650
818,49080,4815,5402,5435,16121,17855,16502,4443,4710,5007,15154,16152,16658
819,49140,4752,5450,5150,15651,18017,16749,4489,4984,4970,15050,16087,16163
820,49200,4621,5447,4975,15956,17831,16464,4350,4591,4709,14869,16018,16693
821,49260,4454,5235,5440,15666,17709,16325,4415,4798,5188,14922,16252,16487
822,49320,5029,5540,5188,15944,17630,16432,4371,4790,5181,15200,16041,16761
823,49380,5019,5166,5024,15932,17621,16682,4443,4995,4900,15395,16598,16403
824,49440,4783,5243,5092,16017,17365,16535,4309,4809,5132,15053,16440,16901
825,49500,4801,5470,5298,16269,17401,16729,4214,4873,5024,14561,16562,16745
826,49560,4576,5372,5402,15548,17325,15956,4170,4757,4893,14987,16218,17392
827,49620,4835,5486,5195,15705,18002,16094,4235,4804,5050,15501,15877,17048
828,49680,4952,5261,5291,15930,17744,16814,4146,4648,4740,15378,16144,16933
829,49740,4779,5434,5441,15688,18020,16602,4301,4690,4749,15379,15983,16637
830,49800,4553,5562,5290,16097,17518,16275,4142,4764,5076,15328,16075,16978
831,49860,4670,5661,5035,16086,17888,16560,4231,4774,5136,15484,15987,16506
832,49920,4640,5282,5304,15813,17303,16277,4414,5130,4925,14974,16090,16342
833,49980,4872,5487,5142,16229,17673,16096,4367,4845,4503,15075,16165,16385
834,50040,4488,5093,5261,15678,17639,16672,4297,4695,5195,15777,16567,16685
835,50100,4633,5200,5028,16150,17406,16505,4536,4861,5168,15143,16219,17056
836,50160,4557,5540,5364,16128,17539,16650,4412,4686,5067,14522,15757,16606
837,50220,4612,5281,5197,15545,17936,16342,4212,4690,5061,15508,16834,16719
838,50280,4462,5310,5220,15682,18171,17272,4481,4798,5064,15448,16056,16169
839,50340,4544,5313,5361,16126,17407,16672,4443,4758,4763,15327,15881,16698
840,50400,4725,5067,5212,15773,17224,16522,4397,4729,5006,14820,16015,16390
841,50460,4644,5555,5344,15678,17494,16509,4199,4491,4961,14845,15994,16656
842,50520,4873,5567,5273,15891,17371,17002,4270,4878,4734,15006,15991,16670
843,50580,4474,5592,5305,16386,17452,16438,4441,4622,5133,14943,15856,16739
844,50640,4439,5603,5234,15832,17263,16680,4464,4873,4741,15650,16226,17239
845,50700,4772,5389,5373,16141,17480,16845,4653,4702,5011,15576,16285,16877
846,50760,4727,5457,5259,15901,17489,16331,4253,4792,5006,15299,16386,16866
847,50820,4656,5100,5306,15791,17382,16478,4521,4816,5062,15398,16134,16932
848,50880,4443,5533,5268,16594,17742,16420,4413,4463,5043,14761,16036,16805
849,50940,4833,5401,5273,15952,17646,16838,4575,4516,4774,15262,16462,16966
850,51000,4727,5430,5081,16304,17794,16666,4368,4754,4685,15037,16238,17054
851,51060,4640,5323,5133,15868,17292,16522,4267,4926,5070,15277,16424,16056
852,51120,4908,5199,4997,15766,17342,16490,3969,4751,4887,15275,16378,17270
853,51180,4626,5402,5182,16114,17386,16945,4406,4543,4944,14994,16330,17098
854,51240,4431,5220,5314,15638,17864,16230,4394,5017,4802,14957,16535,16363
855,51300,4855,5087,5619,16449,17686,16387,4462,4822,5046,15259,16079,16569
856,51360,4688,5436,5015,15994,17656,16295,4229,4936,4973,15231,16173,16197
857,51420,4622,5176,5150,15664,17052,16959,4394,4862,4814,15016,16100,16664
858,51480,4515,5124,5205,15909,18088,16021,4554,4843,4783,15447,16478,17091
859,51540,4732,5392,5222,15924,17823,16499,4270,5119,5015,15170,16466,16740
860,51600,4639,5279,5053,16233,17548,16974,4271,4923,5048,15142,16560,16720
861,51660,4613,5241,5487,15464,18123,16723,4254,4900,4753,15348,16528,16858
862,51720,4599,5203,5441,15868,17662,16431,4141,4717,4804,15294,16396,16566
863,51780,4863,5574,5214,15686,17444,16890,4417,4738,4752,15422,16501,16784
864,51840,4659,5539,5258,15819,17213,16332,4247,4632,4960,15452,16912,16805
865,51900,4672,5280,5168,16281,17892,16779,4332,4586,5053,15418,16317,16301
866,51960,4631,5089,5088,16045,17617,16136,4328,4849,4806,14869,16067,17211
867,52020,4614,5468,5317,15685,17705,16634,4617,4813,5165,14618,16700,16606
868,52080,4637,5417,5199,15963,17766,17034,4287,4746,4811,14876,16650,17033
869,52140,4482,5501,5354,15229,17428,16116,4067,4823,4904,14892,15775,16603
870,52200,4709,5296,5461,16010,17807,16560,4535,4971,4748,14878,16317,17194
871,52260,4582,5504,5426,15646,17495,17565,4305,4742,4896,15725,16329,16550
872,52320,4520,5553,5041,16104,17720,16850,4498,4713,4923,15490,16468,16321
873,52380,4702,5334,5221,15764,17540,16078,4285,4857,5022,15187,15928,16191
874,52440,4779,5401,5378,15940,17163,16977,4427,4927,5010,14893,16508,16452
875,52500,4702,5547,5165,15430,17573,16400,4203,4577,4890,15098,16468,17068
876,52560,4789,5459,4875,16149,17624,16494,4394,4601,5000,15016,16205,16427
877,52620,4566,5447,5361,16070,17945,16144,4273,4917,4956,14769,16533,16881
878,52680,4708,5368,5245,15784,17736,16713,4206,5047,5194,14818,15775,16490
879,52740,4584,5416,5300,16625,17310,16211,4373,4656,4757,14904,16449,16604
880,52800,5037,5335,5172,15563,17175,16394,4343,4621,4840,15409,16692,17094
881,52860,4456,5520,5408,15941,17540,16915,4181,4934,4742,14902,15880,16897
882,52920,4467,5270,5082,15828,17964,16544,4800,4813,4855,15117,16322,16667
883,52980,4401,5207,5593,15763,18025,16815,4326,4652,4635,15117,16214,16997
884,53040,4721,5530,5063,15710,18004,16159,4475,4777,4913,15333,16197,16741
885,53100,4612,5166,5041,16177,17996,16073,4442,4833,4952,14818,16048,16403
886,53160,4475,5342,5117,16275,17420,16857,4315,4695,5177,15048,16100,16922
887,53220,4545,5143,5074,16071,17516,16590,4347,4827,5150,14899,16405,16835
888,53280,4804,5332,5179,16164,17794,16174,4361,4774,4993,15105,16364,16669
889,53340,4687,5161,5254,15511,17822,16558,4423,4934,4798,15411,16241,16685
890,53400,4437,5130,5101,15980,18061,16645,4335,4758,4896,15195,16409,16950
891,53460,5019,5222,5314,15532,17638,16533,4269,4571,5068,15272,16123,16656
892,53520,4507,5395,5227,15929,17706,16675,4255,4725,4941,14957,16028,16945
893,53580,4638,5417,5139,16240,17443,16832,4319,4730,5178,15230,16307,17117
894,53640,4656,5397,5126,15612,17763,16543,4475,5081,4882,14998,16296,16632
895,53700,4590,5209,5475,15682,17445,16577,4442,4941,5113,15332,16242,17182
896,53760,4685,5322,5340,15966,17715,16862,4386,4844,4850,15110,16181,16819
897,53820,4507,5372,5669,15850,17684,16703,4326,4531,4966,15130,16420,17172
898,53880,4652,5497,5433,16251,17473,16119,4486,4596,5062,15451,16325,16572
899,53940,4641,5494,5347,16076,17710,16546,4301,4530,5215,15575,16115,16828
900,54000,4831,5466,5246,15757,17564,16473,4171,4700,5017,15568,16065,17273
901,54060,4790,5402,5254,16522,17775,16665,4421,4804,5144,15299,16582,17377
902,54120,4621,5491,5419,15599,17397,16766,4225,4736,5038,14874,16486,16932
903,54180,4933,5601,5219,16058,17559,16596,4156,4902,5007,14810,15826,16977
904,54240,4853,5577,5318,16370,16925,16813,4302,4833,4909,14724,16351,17030
905,54300,4802,5904,5282,15692,17629,16593,4289,4518,5000,15556,16361,16551
906,54360,4839,5427,4961,15985,17227,16428,4523,4753,4962,15563,15670,16784
907,54420,4547,5479,5127,16022,17314,16401,4317,4551,4722,15210,16153,16927
908,54480,4542,5188,5193,15621,17586,16763,4231,4817,4930,14808,16163,16485
909,54540,4480,5587,5251,15729,17439,16276,4543,4942,5041,15110,16448,16336
910,54600,4708,5175,5108,16115,17828,16953,4215,4759,4726,15290,16532,17257
911,54660,4649,5595,5206,16175,17437,16554,4310,4796,4766,15519,16234,16368
912,54720,4661,5566,5535,15106,18139,16316,4525,5009,5105,14740,16462,16673
913,54780,4532,5428,5073,16426,17601,16572,4280,4647,4986,15073,16426,16453
914,54840,4691,5379,5173,15552,17227,16159,4562,4805,5050,14692,16437,16509
915,54900,4598,5602,5243,15944,17813,16698,4543,4782,4881,14613,16329,16515
916,54960,5076,5461,4961,16107,17505,16892,4110,5017,4922,14916,16742,16509
917,55020,4856,5408,5084,15638,17527,16374,4151,4725,4856,15055,15699,16500
918,55080,4997,5401,5205,16099,17569,16790,4440,4933,5084,15390,16309,16939
919,55140,4936,5142,5536,15826,17799,16906,3951,4797,5071,14872,16341,16619
920,55200,4811,5472,5250,15786,17552,16615,4409,4917,5201,15037,15576,17181
921,55260,4709,5528,5170,16120,17615,17067,4400,4749,4992,14753,16337,16865
922,55320,4546,5492,5125,15782,17757,16180,4190,4758,4962,15079,16403,16736
923,55380,4614,5409,5133,15833,17351,16758,4344,5143,5054,15190,15976,16924
924,55440,4666,5379,5181,15723,17436,16510,4429,4696,4776,15486,15956,17436
925,55500,4712,5673,5067,16538,17961,16519,4348,4653,4818,15444,16499,16898
926,55560,4449,5298,5103,15834,17919,16910,4387,4770,4876,14900,15784,16913
927,55620,4588,5465,5017,15877,17421,16687,4278,4781,5128,15017,16281,16728
928,55680,4724,5292,5374,15835,17327,16669,4348,4696,4877,15055,16282,16618
929,55740,4861,5602,5229,15757,17663,16315,4447,4506,4848,15278,16027,16745
930,55800,4637,5238,5196,15759,17496,16638,4661,4903,4908,14822,16335,16755
931,55860,4623,5525,5414,16222,17557,16970,4492,4537,5196,15083,16119,16899
932,55920,4574,5302,4989,15691,17186,16455,4148,4807,4962,15033,16638,16757
933,55980,4821,5400,4873,15624,17462,16696,4436,4770,4929,15317,16773,16674
934,56040,4420,5193,5476,16243,17292,16688,4411,4717,4600,15285,16012,16776
935,56100,4502,5099,5157,16189,17712,16593,4410,4818,5129,14887,15968,16766
936,56160,4587,5365,5026,16323,17656,16614,4235,4688,5057,15627,15787,16941
937,56220,4701,5427,5353,16238,17584,16656,4355,5008,4873,15779,17063,17264
938,56280,4788,5183,5091,15782,17740,16694,4248,4771,4660,15365,16637,16481
939,56340,4870,5468,5029,15754,17841,16736,4063,4819,4785,14924,15897,16612
940,56400,4708,5092,5355,15922,18030,16820,4397,4945,5087,15040,16024,16809
941,56460,4391,5310,5427,15536,17729,17072,4189,4857,4715,15344,16333,16944
942,56520,4628,5156,5206,16024,17553,16742,4566,4828,4983,15294,16312,16781
943,56580,4783,5190,5317,15638,17546,16728,4446,4654,4868,15098,16408,17056
944,56640,4442,5490,5122,15766,17382,16822,4480,4812,4870,15267,16396,16725
945,56700,4349,5367,5335,16168,17678,16670,4318,4703,4895,15155,16371,16561
946,56760,4461,5599,5014,16143,17712,16398,4230,4845,4887,15123,16041,17223
947,56820,4532,5230,5181,15828,17853,16542,4350,4991,4824,14927,16469,16841
948,56880,4406,5352,5300,15748,18086,17108,4109,4782,5156,15696,16127,16898
949,56940,4689,5492,5520,16416,17615,17398,4578,4735,5051,14982,16158,17265
950,57000,4894,5384,5412,15618,17166,16365,4260,4744,4996,15062,16349,16845
951,57060,4646,5494,5219,16021,17988,16599,4168,4832,4951,15099,16263,16708
952,57120,4814,5358,5010,15979,17474,16872,4331,4786,4960,15260,16507,16760
953,57180,4633,5473,5233,15797,17646,16502,4442,4701,5129,15066,16318,16755
954,57240,4657,5494,5359,15843,17761,16705,4414,4919,5017,15185,15946,16912
955,57300,4568,5399,5161,16056,17710,16475,4045,4792,4721,14909,16485,16657
956,57360,4694,5552,5290,16035,17724,16738,3930,4692,4723,14787,16519,16713
957,57420,4523,5203,5011,15787,17514,16641,4280,4744,4796,15243,16276,16904
958,57480,4736,5477,5197,15803,17752,16654,4158,4546,4852,15066,16444,16533
959,57540,4735,5349,5315,15518,17597,16923,4399,4612,4956,15354,15797,17166
960,57600,4879,5093,5154,15689,17500,16350,4311,4797,4746,14983,16671,16715
961,57660,4668,5174,5081,16278,18159,16723,4105,4897,4973,15434,16843,16586
962,57720,4740,5238,5435,15887,17639,16789,4299,4699,4682,14813,16201,17404
963,57780,4741,5348,5109,16426,17695,16201,4375,4560,5075,15265,16249,16948
964,57840,4793,5001,5175,15905,17964,16542,4186,4810,4676,14987,17088,17017
965,57900,4694,5161,5170,15299,17471,16990,4134,4620,4907,15148,17378,16673
966,57960,4942,5367,5268,15687,17774,16758,4332,4589,4780,15014,15783,17282
967,58020,4650,5176,5187,15918,17831,16701,4019,4787,5062,15216,16376,16872
968,58080,4742,5304,5180,16276,17633,15971,4342,4705,4887,15156,16334,16585
969,58140,4872,5387,5211,16202,17308,17034,4367,4573,4970,14785,15702,17031
970,58200,4561,5585,5148,16362,17874,16541,4509,4626,4908,14573,16788,17114
971,58260,4665,5396,5351,16160,17600,16378,4183,4594,5188,15544,16060,16888
972,58320,4659,5418,5108,15955,17373,16716,4270,4688,4680,15104,16214,16795
973,58380,4400,5356,5186,16163,17764,16835,4516,4903,5256,14573,16811,16685
974,58440,4681,5303,5122,15961,17793,16627,4529,4577,4989,15157,16408,16757
975,58500,4640,5528,5227,15748,17469,16032,4318,4526,4680,15537,15969,16750
976,58560,4939,5568,5266,16329,17615,16727,4259,4758,4881,15292,16802,17154
977,58620,4753,5316,5412,16165,18599,16069,4091,4611,4937,15456,16810,16793
978,58680,4533,5226,5002,15628,17501,16487,4599,4664,5176,14835,16108,16697
979,58740,4691,5239,5295,16217,17882,16519,4149,4762,4768,15827,15765,16962
980,58800,4714,5417,5382,15840,17538,16221,4459,4824,4971,15368,15932,16814
981,58860,4765,5270,5275,15843,17996,16043,4325,4906,4971,15076,16571,17042
982,58920,4703,5526,5026,16184,17744,16501,4046,4934,4796,14770,16900,17074
983,58980,4808,5192,5854,15176,18136,16122,4448,4816,4944,15495,16191,16842
984,59040,4862,5471,5235,15638,17943,16848,4212,4822,4864,15356,16406,16328
985,59100,4809,5633,5247,16059,17545,16921,4332,4598,4783,15311,16302,16642
986,59160,4577,5620,5458,15953,17348,16645,4393,4676,5017,15598,16118,17185
987,59220,4746,5257,5336,15363,17391,16622,4353,4946,4958,14755,15889,17098
988,59280,4573,5443,5460,15807,17829,16290,4345,4550,5112,15190,16408,16755
989,59340,4724,5227,5408,15964,17546,16413,4251,4860,5120,15099,16347,16891
990,59400,4537,5205,5456,16183,17511,16817,4325,4755,5027,15367,16364,17163
991,59460,4772,5311,5100,15879,17900,16698,4263,4797,4927,15189,16546,17052
992,59520,4548,5213,5363,15738,17707,16848,4365,4705,5075,15319,16046,16716
993,59580,4911,5314,5566,16276,17688,16615,4284,4943,4836,15381,16408,16486
994,59640,5041,5471,5524,16099,17383,16638,4456,4851,4982,15349,15787,16590
995,59700,4716,5121,5460,15919,17605,16666,4325,4756,5255,15219,16058,17122
996,59760,4776,5259,5122,16053,17809,16353,4298,4844,4826,15429,16439,16754
997,59820,4750,5347,5340,15521,17684,16704,4295,5014,4731,15308,16376,16816
998,59880,4639,5451,5367,16094,18093,16844,4147,4951,4689,15320,16504,17287
999,59940,4796,5665,5178,16071,18210,16592,4175,4985,4792,14882,16910,16412
